epoch,step,train/loss_epoch,train/loss_step,val/ade_ft,val/fde_ft,val/loss,val/mse_ft
0,4,,2.6163296699523926,,,,
0,9,,1.8179876804351807,,,,
0,14,,1.7394487857818604,,,,
0,19,,1.6351640224456787,,,,
0,24,,1.1075072288513184,,,,
0,29,,1.1162480115890503,,,,
0,34,,1.197045922279358,,,,
0,39,,1.2373812198638916,,,,
0,44,,1.0341253280639648,,,,
0,49,,0.9700508713722229,,,,
0,54,,0.850322425365448,,,,
0,59,,1.0242419242858887,,,,
0,64,,0.7699793577194214,,,,
0,69,,0.8235076069831848,,,,
0,74,,0.8570199012756348,,,,
0,79,,0.7590782642364502,,,,
0,84,,0.7638584971427917,,,,
0,89,,0.7659982442855835,,,,
0,94,,0.4306448996067047,,,,
0,99,,0.8651013970375061,,,,
0,104,,0.7291831970214844,,,,
0,109,,0.7258813381195068,,,,
0,114,,0.8445120453834534,,,,
0,119,,0.7056825160980225,,,,
0,124,,0.7076990604400635,,,,
0,129,,0.6085501313209534,,,,
0,134,,0.6218767762184143,,,,
0,139,,0.9385141134262085,,,,
0,144,,0.7319488525390625,,,,
0,149,,0.607568621635437,,,,
0,154,,0.7548588514328003,,,,
0,159,,0.5393935441970825,,,,
0,164,,0.487204909324646,,,,
0,169,,0.2965988218784332,,,,
0,174,,0.5947489142417908,,,,
0,179,,0.6462114453315735,,,,
0,184,,0.44472992420196533,,,,
0,189,,0.5454442501068115,,,,
0,194,,0.39289039373397827,,,,
0,199,,0.48814857006073,,,,
0,204,,0.5356266498565674,,,,
0,209,,0.3746708631515503,,,,
0,214,,0.4616655707359314,,,,
0,219,,0.48131662607192993,,,,
0,224,,0.4052239656448364,,,,
0,229,,0.3978009819984436,,,,
0,234,,0.4537965655326843,,,,
0,239,,0.5586631894111633,,,,
0,244,,0.6500458717346191,,,,
0,249,,0.469475656747818,,,,
0,254,,0.7372344732284546,,,,
0,259,,0.42601579427719116,,,,
0,264,,0.5446435213088989,,,,
0,269,,0.42648884654045105,,,,
0,274,,0.34823089838027954,,,,
0,279,,0.36171814799308777,,,,
0,279,,,1.2609376907348633,2.831054925918579,0.38701003789901733,4.863555431365967
0,279,0.7822442650794983,,,,,
1,284,,0.5224295854568481,,,,
1,289,,0.6778870820999146,,,,
1,294,,0.30111533403396606,,,,
1,299,,0.26971831917762756,,,,
1,304,,0.4806031584739685,,,,
1,309,,0.3385419547557831,,,,
1,314,,0.3941003978252411,,,,
1,319,,0.409626305103302,,,,
1,324,,0.5842167139053345,,,,
1,329,,0.45767098665237427,,,,
1,334,,0.41827157139778137,,,,
1,339,,0.33335447311401367,,,,
1,344,,0.4249722361564636,,,,
1,349,,0.4068077504634857,,,,
1,354,,0.21925362944602966,,,,
1,359,,0.2705741226673126,,,,
1,364,,0.5024693608283997,,,,
1,369,,0.3101755976676941,,,,
1,374,,0.2762749195098877,,,,
1,379,,0.30307239294052124,,,,
1,384,,0.1532837152481079,,,,
1,389,,0.25217220187187195,,,,
1,394,,0.4044681787490845,,,,
1,399,,0.35027092695236206,,,,
1,404,,0.43654853105545044,,,,
1,409,,0.20155897736549377,,,,
1,414,,0.5082399249076843,,,,
1,419,,0.07367364317178726,,,,
1,424,,0.26520609855651855,,,,
1,429,,0.3342839777469635,,,,
1,434,,0.3155653178691864,,,,
1,439,,0.4063258767127991,,,,
1,444,,0.23192885518074036,,,,
1,449,,0.32866230607032776,,,,
1,454,,0.11083558201789856,,,,
1,459,,0.2844467759132385,,,,
1,464,,0.3270943760871887,,,,
1,469,,0.2995973825454712,,,,
1,474,,0.17834484577178955,,,,
1,479,,0.3688618838787079,,,,
1,484,,0.2977195084095001,,,,
1,489,,0.3452422022819519,,,,
1,494,,0.5782028436660767,,,,
1,499,,0.34938734769821167,,,,
1,504,,0.34235140681266785,,,,
1,509,,0.19143827259540558,,,,
1,514,,0.36260202527046204,,,,
1,519,,0.18319088220596313,,,,
1,524,,0.232373908162117,,,,
1,529,,0.27503055334091187,,,,
1,534,,0.34791630506515503,,,,
1,539,,0.10092893242835999,,,,
1,544,,0.312749981880188,,,,
1,549,,0.18449854850769043,,,,
1,554,,0.22983349859714508,,,,
1,559,,0.05488281697034836,,,,
1,559,,,1.2020766735076904,2.711069107055664,0.23532399535179138,4.510651111602783
1,559,0.33174189925193787,,,,,
2,564,,0.21622850000858307,,,,
2,569,,0.42488884925842285,,,,
2,574,,0.31026899814605713,,,,
2,579,,-0.07280737161636353,,,,
2,584,,0.28421056270599365,,,,
2,589,,0.026236943900585175,,,,
2,594,,0.201156347990036,,,,
2,599,,0.31470876932144165,,,,
2,604,,0.49865925312042236,,,,
2,609,,0.298048198223114,,,,
2,614,,0.20698994398117065,,,,
2,619,,0.1829226315021515,,,,
2,624,,0.38030654191970825,,,,
2,629,,0.04539620876312256,,,,
2,634,,0.276285856962204,,,,
2,639,,0.28298845887184143,,,,
2,644,,0.14311754703521729,,,,
2,649,,0.20267707109451294,,,,
2,654,,0.26623445749282837,,,,
2,659,,0.1376485824584961,,,,
2,664,,0.31783583760261536,,,,
2,669,,0.3565954566001892,,,,
2,674,,0.21701543033123016,,,,
2,679,,0.2963770627975464,,,,
2,684,,0.1806187629699707,,,,
2,689,,0.21101650595664978,,,,
2,694,,0.1137571632862091,,,,
2,699,,0.32605060935020447,,,,
2,704,,0.32032737135887146,,,,
2,709,,0.4021897614002228,,,,
2,714,,0.16290950775146484,,,,
2,719,,0.10897858440876007,,,,
2,724,,0.2091626226902008,,,,
2,729,,0.19282636046409607,,,,
2,734,,0.26405009627342224,,,,
2,739,,0.15210291743278503,,,,
2,744,,0.025047970935702324,,,,
2,749,,0.35750046372413635,,,,
2,754,,-0.05077127739787102,,,,
2,759,,0.10601483285427094,,,,
2,764,,0.10965371131896973,,,,
2,769,,0.32531535625457764,,,,
2,774,,0.07865361869335175,,,,
2,779,,0.40124082565307617,,,,
2,784,,0.4208657741546631,,,,
2,789,,0.008386467583477497,,,,
2,794,,0.2912881374359131,,,,
2,799,,0.1927986890077591,,,,
2,804,,0.22291725873947144,,,,
2,809,,-0.10159315168857574,,,,
2,814,,-0.08712682127952576,,,,
2,819,,0.20243829488754272,,,,
2,824,,0.1597428321838379,,,,
2,829,,0.3421897888183594,,,,
2,834,,0.4186474084854126,,,,
2,839,,0.3770027756690979,,,,
2,839,,,1.1429431438446045,2.6286532878875732,0.16455912590026855,3.933626890182495
2,839,0.22684432566165924,,,,,
3,844,,-0.0777619332075119,,,,
3,849,,0.20585224032402039,,,,
3,854,,0.07836850732564926,,,,
3,859,,0.019681360572576523,,,,
3,864,,0.4314301013946533,,,,
3,869,,0.4128701686859131,,,,
3,874,,0.33876490592956543,,,,
3,879,,0.1911235749721527,,,,
3,884,,0.22761714458465576,,,,
3,889,,0.03648606687784195,,,,
3,894,,0.16955414414405823,,,,
3,899,,0.2134796679019928,,,,
3,904,,0.1625078022480011,,,,
3,909,,0.24752739071846008,,,,
3,914,,0.014203501865267754,,,,
3,919,,0.29334571957588196,,,,
3,924,,0.39091336727142334,,,,
3,929,,1.0137765407562256,,,,
3,934,,0.0826089084148407,,,,
3,939,,0.38839834928512573,,,,
3,944,,0.08294611424207687,,,,
3,949,,0.12254111468791962,,,,
3,954,,0.06853368133306503,,,,
3,959,,0.29698646068573,,,,
3,964,,0.028006350621581078,,,,
3,969,,0.2901054620742798,,,,
3,974,,0.1070861667394638,,,,
3,979,,0.2563248872756958,,,,
3,984,,0.2548009753227234,,,,
3,989,,0.06964811682701111,,,,
3,994,,0.22993957996368408,,,,
3,999,,0.3639737069606781,,,,
3,1004,,0.5662279725074768,,,,
3,1009,,0.2778209447860718,,,,
3,1014,,0.33023950457572937,,,,
3,1019,,0.09787537157535553,,,,
3,1024,,0.45551633834838867,,,,
3,1029,,0.27290230989456177,,,,
3,1034,,0.21645551919937134,,,,
3,1039,,-0.16315536201000214,,,,
3,1044,,0.21155914664268494,,,,
3,1049,,0.3804641664028168,,,,
3,1054,,0.0261068195104599,,,,
3,1059,,0.06840026378631592,,,,
3,1064,,0.24202004075050354,,,,
3,1069,,-0.0037900013849139214,,,,
3,1074,,0.39644956588745117,,,,
3,1079,,0.020254697650671005,,,,
3,1084,,0.2747189700603485,,,,
3,1089,,0.35465723276138306,,,,
3,1094,,-0.1102248951792717,,,,
3,1099,,0.2792651653289795,,,,
3,1104,,0.5379241704940796,,,,
3,1109,,0.37862247228622437,,,,
3,1114,,0.08250942081212997,,,,
3,1119,,0.24263513088226318,,,,
3,1119,,,1.2684308290481567,2.855541944503784,0.2788589298725128,4.905533790588379
3,1119,0.17766739428043365,,,,,
4,1124,,0.11183027923107147,,,,
4,1129,,0.33202701807022095,,,,
4,1134,,-0.1623174548149109,,,,
4,1139,,0.3156793415546417,,,,
4,1144,,0.01723306067287922,,,,
4,1149,,-0.05872379615902901,,,,
4,1154,,-0.005918249953538179,,,,
4,1159,,-0.023071151226758957,,,,
4,1164,,0.055288027971982956,,,,
4,1169,,-0.03052816540002823,,,,
4,1174,,-0.003815680742263794,,,,
4,1179,,0.3382539749145508,,,,
4,1184,,0.2365434318780899,,,,
4,1189,,0.2125752866268158,,,,
4,1194,,0.1579250991344452,,,,
4,1199,,0.19151246547698975,,,,
4,1204,,0.17451772093772888,,,,
4,1209,,0.19613760709762573,,,,
4,1214,,0.17898033559322357,,,,
4,1219,,-0.09580908715724945,,,,
4,1224,,0.26841703057289124,,,,
4,1229,,0.27302369475364685,,,,
4,1234,,0.06901592016220093,,,,
4,1239,,0.5369231700897217,,,,
4,1244,,0.24452021718025208,,,,
4,1249,,0.22361871600151062,,,,
4,1254,,0.051975443959236145,,,,
4,1259,,0.46565210819244385,,,,
4,1264,,0.19380703568458557,,,,
4,1269,,0.026000628247857094,,,,
4,1274,,0.15669555962085724,,,,
4,1279,,0.29502323269844055,,,,
4,1284,,0.03709106147289276,,,,
4,1289,,-0.032320182770490646,,,,
4,1294,,0.10632878541946411,,,,
4,1299,,0.25012630224227905,,,,
4,1304,,-0.07567854970693588,,,,
4,1309,,0.10129743069410324,,,,
4,1314,,0.1966732144355774,,,,
4,1319,,0.15164455771446228,,,,
4,1324,,0.23190425336360931,,,,
4,1329,,0.05362782999873161,,,,
4,1334,,-0.029793642461299896,,,,
4,1339,,0.06168912351131439,,,,
4,1344,,0.07332910597324371,,,,
4,1349,,0.6312371492385864,,,,
4,1354,,-0.05558551102876663,,,,
4,1359,,0.32833439111709595,,,,
4,1364,,0.23889830708503723,,,,
4,1369,,0.14042556285858154,,,,
4,1374,,0.039211664348840714,,,,
4,1379,,-0.03231411799788475,,,,
4,1384,,0.2321968376636505,,,,
4,1389,,-0.11686251312494278,,,,
4,1394,,0.20674356818199158,,,,
4,1399,,0.15123918652534485,,,,
4,1399,,,1.1832414865493774,2.7088189125061035,0.16266202926635742,4.350269794464111
4,1399,0.1367211490869522,,,,,
5,1404,,0.0759781077504158,,,,
5,1409,,-0.10194137692451477,,,,
5,1414,,-0.09579363465309143,,,,
5,1419,,0.2918010950088501,,,,
5,1424,,0.16346991062164307,,,,
5,1429,,0.24068492650985718,,,,
5,1434,,0.13978151977062225,,,,
5,1439,,0.06931938976049423,,,,
5,1444,,0.1307213306427002,,,,
5,1449,,-0.022276561707258224,,,,
5,1454,,0.2782612442970276,,,,
5,1459,,0.25093504786491394,,,,
5,1464,,0.20304784178733826,,,,
5,1469,,0.11259055137634277,,,,
5,1474,,-0.01915980502963066,,,,
5,1479,,0.0852283462882042,,,,
5,1484,,0.02494840696454048,,,,
5,1489,,0.19379419088363647,,,,
5,1494,,0.0776815190911293,,,,
5,1499,,0.01684914156794548,,,,
5,1504,,0.09017903357744217,,,,
5,1509,,0.30041712522506714,,,,
5,1514,,0.0051862262189388275,,,,
5,1519,,0.31316617131233215,,,,
5,1524,,-0.03353475406765938,,,,
5,1529,,0.2671917676925659,,,,
5,1534,,0.2592991590499878,,,,
5,1539,,-0.016588492318987846,,,,
5,1544,,0.003386971540749073,,,,
5,1549,,0.09588997811079025,,,,
5,1554,,0.2399185299873352,,,,
5,1559,,0.2713623344898224,,,,
5,1564,,0.23172834515571594,,,,
5,1569,,0.1771356463432312,,,,
5,1574,,-0.06380202621221542,,,,
5,1579,,0.018387004733085632,,,,
5,1584,,-0.12474624812602997,,,,
5,1589,,0.07745496928691864,,,,
5,1594,,0.14295122027397156,,,,
5,1599,,0.18435794115066528,,,,
5,1604,,0.0802651196718216,,,,
5,1609,,-0.23381803929805756,,,,
5,1614,,0.1196717619895935,,,,
5,1619,,0.07874947041273117,,,,
5,1624,,-0.010079052299261093,,,,
5,1629,,-0.09768057614564896,,,,
5,1634,,0.3433876633644104,,,,
5,1639,,0.09262768179178238,,,,
5,1644,,0.07337501645088196,,,,
5,1649,,0.1611335277557373,,,,
5,1654,,0.3016814589500427,,,,
5,1659,,0.1198577731847763,,,,
5,1664,,0.28701603412628174,,,,
5,1669,,0.2900100350379944,,,,
5,1674,,0.22150170803070068,,,,
5,1679,,-0.0874512791633606,,,,
5,1679,,,1.1037086248397827,2.473924160003662,0.043145064264535904,3.784813165664673
5,1679,0.11611887067556381,,,,,
6,1684,,0.022219687700271606,,,,
6,1689,,0.13043150305747986,,,,
6,1694,,0.09842711687088013,,,,
6,1699,,-0.09079504758119583,,,,
6,1704,,0.3273462653160095,,,,
6,1709,,0.16659802198410034,,,,
6,1714,,0.436626136302948,,,,
6,1719,,0.06899885833263397,,,,
6,1724,,-0.06341241300106049,,,,
6,1729,,0.21266895532608032,,,,
6,1734,,0.024644721299409866,,,,
6,1739,,0.20814433693885803,,,,
6,1744,,0.0069932034239172935,,,,
6,1749,,0.15476977825164795,,,,
6,1754,,0.09731782972812653,,,,
6,1759,,0.22551563382148743,,,,
6,1764,,-0.039692990481853485,,,,
6,1769,,0.16557876765727997,,,,
6,1774,,0.0890808030962944,,,,
6,1779,,0.047759197652339935,,,,
6,1784,,-0.1021215170621872,,,,
6,1789,,0.15263812243938446,,,,
6,1794,,0.27930134534835815,,,,
6,1799,,-0.23865410685539246,,,,
6,1804,,0.030447788536548615,,,,
6,1809,,0.1479724943637848,,,,
6,1814,,0.06673822551965714,,,,
6,1819,,0.13482758402824402,,,,
6,1824,,-0.10478170216083527,,,,
6,1829,,0.3451611399650574,,,,
6,1834,,0.12539750337600708,,,,
6,1839,,0.3157232999801636,,,,
6,1844,,-0.23182210326194763,,,,
6,1849,,0.37587618827819824,,,,
6,1854,,-0.0348263680934906,,,,
6,1859,,-0.007122538983821869,,,,
6,1864,,0.08307623863220215,,,,
6,1869,,0.25962942838668823,,,,
6,1874,,0.20111259818077087,,,,
6,1879,,0.2104882150888443,,,,
6,1884,,0.15302157402038574,,,,
6,1889,,0.1333734393119812,,,,
6,1894,,-0.02644035406410694,,,,
6,1899,,0.06565268337726593,,,,
6,1904,,0.2489543855190277,,,,
6,1909,,0.28902989625930786,,,,
6,1914,,0.3326190710067749,,,,
6,1919,,0.3256447911262512,,,,
6,1924,,0.007299546152353287,,,,
6,1929,,0.27785423398017883,,,,
6,1934,,0.2778847813606262,,,,
6,1939,,0.09985174238681793,,,,
6,1944,,-0.1519906371831894,,,,
6,1949,,0.27538347244262695,,,,
6,1954,,0.49632948637008667,,,,
6,1959,,-0.05348235368728638,,,,
6,1959,,,1.1141129732131958,2.4929146766662598,0.10227556526660919,3.661560297012329
6,1959,0.12740375101566315,,,,,
7,1964,,0.005877498537302017,,,,
7,1969,,0.11761055141687393,,,,
7,1974,,-0.009229909628629684,,,,
7,1979,,0.039599962532520294,,,,
7,1984,,0.11432274430990219,,,,
7,1989,,0.07009056955575943,,,,
7,1994,,-0.0972738042473793,,,,
7,1999,,-0.04438018053770065,,,,
7,2004,,0.017334092408418655,,,,
7,2009,,0.1607382446527481,,,,
7,2014,,0.10245130211114883,,,,
7,2019,,0.3271940350532532,,,,
7,2024,,0.003299213945865631,,,,
7,2029,,0.27369701862335205,,,,
7,2034,,-0.07100921869277954,,,,
7,2039,,0.2333349883556366,,,,
7,2044,,-0.09346450865268707,,,,
7,2049,,-0.26991069316864014,,,,
7,2054,,0.22969719767570496,,,,
7,2059,,0.08566615730524063,,,,
7,2064,,0.020181896165013313,,,,
7,2069,,-0.013263599947094917,,,,
7,2074,,0.0013597682118415833,,,,
7,2079,,0.1569805145263672,,,,
7,2084,,-0.04702230170369148,,,,
7,2089,,0.03719004988670349,,,,
7,2094,,0.1981908679008484,,,,
7,2099,,0.2738524079322815,,,,
7,2104,,0.013971628621220589,,,,
7,2109,,0.17305830121040344,,,,
7,2114,,-0.10027188062667847,,,,
7,2119,,0.020768824964761734,,,,
7,2124,,0.3277745246887207,,,,
7,2129,,0.04052237421274185,,,,
7,2134,,0.13780781626701355,,,,
7,2139,,0.1079438179731369,,,,
7,2144,,0.16578513383865356,,,,
7,2149,,0.14612558484077454,,,,
7,2154,,0.39805474877357483,,,,
7,2159,,-0.05457807332277298,,,,
7,2164,,0.1973007619380951,,,,
7,2169,,0.24856577813625336,,,,
7,2174,,0.14282190799713135,,,,
7,2179,,0.5305110216140747,,,,
7,2184,,-0.02304239198565483,,,,
7,2189,,0.3973951041698456,,,,
7,2194,,0.27629637718200684,,,,
7,2199,,0.6164445877075195,,,,
7,2204,,-0.11902770400047302,,,,
7,2209,,0.2298964560031891,,,,
7,2214,,0.4225570559501648,,,,
7,2219,,0.2764146327972412,,,,
7,2224,,0.22707299888134003,,,,
7,2229,,0.20315691828727722,,,,
7,2234,,-0.14998039603233337,,,,
7,2239,,0.0394100621342659,,,,
7,2239,,,1.1470881700515747,2.5633962154388428,0.10719222575426102,4.018497467041016
7,2239,0.09947531670331955,,,,,
8,2244,,0.11389893293380737,,,,
8,2249,,0.27202582359313965,,,,
8,2254,,0.023702453821897507,,,,
8,2259,,0.1585870087146759,,,,
8,2264,,-0.02487057074904442,,,,
8,2269,,0.2757602035999298,,,,
8,2274,,0.10665913671255112,,,,
8,2279,,-0.03879633545875549,,,,
8,2284,,-0.15108224749565125,,,,
8,2289,,0.2171730101108551,,,,
8,2294,,-0.0020437128841876984,,,,
8,2299,,0.004212191328406334,,,,
8,2304,,0.4171651005744934,,,,
8,2309,,0.1256430447101593,,,,
8,2314,,0.1085696667432785,,,,
8,2319,,-0.01683792658150196,,,,
8,2324,,0.16533759236335754,,,,
8,2329,,0.1497020125389099,,,,
8,2334,,0.3910771310329437,,,,
8,2339,,0.05725042149424553,,,,
8,2344,,0.28840363025665283,,,,
8,2349,,0.039781615138053894,,,,
8,2354,,0.013783595524728298,,,,
8,2359,,0.20759227871894836,,,,
8,2364,,0.01743948832154274,,,,
8,2369,,0.276553213596344,,,,
8,2374,,0.29733577370643616,,,,
8,2379,,0.28140538930892944,,,,
8,2384,,-0.20242094993591309,,,,
8,2389,,0.3108094334602356,,,,
8,2394,,-0.07076191157102585,,,,
8,2399,,0.12693819403648376,,,,
8,2404,,0.10611232370138168,,,,
8,2409,,0.1885913610458374,,,,
8,2414,,0.16457480192184448,,,,
8,2419,,0.04165675491094589,,,,
8,2424,,-0.043567266315221786,,,,
8,2429,,0.06481362134218216,,,,
8,2434,,0.1688561886548996,,,,
8,2439,,0.06648089736700058,,,,
8,2444,,-0.059611186385154724,,,,
8,2449,,0.27343612909317017,,,,
8,2454,,0.09754597395658493,,,,
8,2459,,-0.06263288110494614,,,,
8,2464,,0.012634648010134697,,,,
8,2469,,0.19397956132888794,,,,
8,2474,,0.14978978037834167,,,,
8,2479,,0.06711556017398834,,,,
8,2484,,0.07139948010444641,,,,
8,2489,,0.16493847966194153,,,,
8,2494,,0.2808559536933899,,,,
8,2499,,-0.09420418739318848,,,,
8,2504,,0.1537342071533203,,,,
8,2509,,0.3165407180786133,,,,
8,2514,,0.16544942557811737,,,,
8,2519,,0.041933573782444,,,,
8,2519,,,1.1652617454528809,2.633241891860962,0.05279446020722389,4.397747993469238
8,2519,0.10743673145771027,,,,,
9,2524,,0.08067820221185684,,,,
9,2529,,0.28325390815734863,,,,
9,2534,,0.11401288211345673,,,,
9,2539,,0.007925409823656082,,,,
9,2544,,0.19235943257808685,,,,
9,2549,,-0.13920274376869202,,,,
9,2554,,0.06158534809947014,,,,
9,2559,,0.0967460498213768,,,,
9,2564,,0.08069214224815369,,,,
9,2569,,-0.10819384455680847,,,,
9,2574,,-0.010479003190994263,,,,
9,2579,,0.019024912267923355,,,,
9,2584,,-0.31852987408638,,,,
9,2589,,0.17254319787025452,,,,
9,2594,,-0.0818113386631012,,,,
9,2599,,0.10507325828075409,,,,
9,2604,,0.12004411965608597,,,,
9,2609,,0.1994517296552658,,,,
9,2614,,0.029379241168498993,,,,
9,2619,,0.06281786412000656,,,,
9,2624,,0.1956167221069336,,,,
9,2629,,-0.1642313301563263,,,,
9,2634,,0.10575118660926819,,,,
9,2639,,0.2705867886543274,,,,
9,2644,,0.24674612283706665,,,,
9,2649,,0.015916507691144943,,,,
9,2654,,0.1543780416250229,,,,
9,2659,,0.10909751057624817,,,,
9,2664,,0.10625794529914856,,,,
9,2669,,0.150170236825943,,,,
9,2674,,0.15613999962806702,,,,
9,2679,,0.20177316665649414,,,,
9,2684,,0.13680356740951538,,,,
9,2689,,-0.06615124642848969,,,,
9,2694,,0.045388560742139816,,,,
9,2699,,0.025101525709033012,,,,
9,2704,,0.08068034052848816,,,,
9,2709,,0.20097845792770386,,,,
9,2714,,0.05298597738146782,,,,
9,2719,,0.05890059471130371,,,,
9,2724,,0.204128235578537,,,,
9,2729,,-0.05561159551143646,,,,
9,2734,,-0.13807235658168793,,,,
9,2739,,-0.05323479697108269,,,,
9,2744,,0.19326737523078918,,,,
9,2749,,0.2977989912033081,,,,
9,2754,,0.16207125782966614,,,,
9,2759,,-0.03514571860432625,,,,
9,2764,,0.09327273815870285,,,,
9,2769,,0.15661382675170898,,,,
9,2774,,0.2280968874692917,,,,
9,2779,,0.3568805456161499,,,,
9,2784,,0.35879334807395935,,,,
9,2789,,-0.3933910131454468,,,,
9,2794,,0.2937510013580322,,,,
9,2799,,0.1539815217256546,,,,
9,2799,,,1.1714067459106445,2.646610736846924,0.12101446837186813,4.335087299346924
9,2799,0.08315641433000565,,,,,
10,2804,,-0.1333240568637848,,,,
10,2809,,0.09225867688655853,,,,
10,2814,,-0.08413492888212204,,,,
10,2819,,-0.14372852444648743,,,,
10,2824,,-0.3681957423686981,,,,
10,2829,,-0.012163035571575165,,,,
10,2834,,0.07692238688468933,,,,
10,2839,,0.2838696837425232,,,,
10,2844,,0.36342257261276245,,,,
10,2849,,0.44915974140167236,,,,
10,2854,,0.1493484228849411,,,,
10,2859,,-0.039443016052246094,,,,
10,2864,,0.11504173278808594,,,,
10,2869,,0.23405979573726654,,,,
10,2874,,0.043873902410268784,,,,
10,2879,,-0.03298243507742882,,,,
10,2884,,0.11954642832279205,,,,
10,2889,,0.0663112998008728,,,,
10,2894,,0.06363671272993088,,,,
10,2899,,-0.20661920309066772,,,,
10,2904,,-0.10011787712574005,,,,
10,2909,,-0.19928482174873352,,,,
10,2914,,0.3712035119533539,,,,
10,2919,,0.09388243407011032,,,,
10,2924,,0.34655624628067017,,,,
10,2929,,0.40514737367630005,,,,
10,2934,,0.07161436229944229,,,,
10,2939,,0.014594443142414093,,,,
10,2944,,-0.22668008506298065,,,,
10,2949,,-0.1304607391357422,,,,
10,2954,,-0.01763562299311161,,,,
10,2959,,-0.010341349989175797,,,,
10,2964,,0.10840225964784622,,,,
10,2969,,-0.2835422456264496,,,,
10,2974,,0.104105144739151,,,,
10,2979,,0.23135319352149963,,,,
10,2984,,-0.025748368352651596,,,,
10,2989,,0.3504817485809326,,,,
10,2994,,0.39346787333488464,,,,
10,2999,,0.23063451051712036,,,,
10,3004,,0.1885623186826706,,,,
10,3009,,-0.11349227279424667,,,,
10,3014,,-0.12496893852949142,,,,
10,3019,,0.038010843098163605,,,,
10,3024,,-0.016383154317736626,,,,
10,3029,,-0.10352586954832077,,,,
10,3034,,0.07591696083545685,,,,
10,3039,,0.11317873001098633,,,,
10,3044,,0.2715614140033722,,,,
10,3049,,0.35342806577682495,,,,
10,3054,,0.2800370454788208,,,,
10,3059,,-0.0019664019346237183,,,,
10,3064,,0.06551969796419144,,,,
10,3069,,0.2986183762550354,,,,
10,3074,,0.13124574720859528,,,,
10,3079,,-0.03118808940052986,,,,
10,3079,,,1.0987424850463867,2.4494569301605225,0.010355107486248016,3.719266414642334
10,3079,0.08280538022518158,,,,,
11,3084,,0.3271820545196533,,,,
11,3089,,0.1770842969417572,,,,
11,3094,,0.28500282764434814,,,,
11,3099,,0.08401479572057724,,,,
11,3104,,-0.2613444924354553,,,,
11,3109,,-0.05141653120517731,,,,
11,3114,,0.107974112033844,,,,
11,3119,,0.11604717373847961,,,,
11,3124,,0.0845341756939888,,,,
11,3129,,0.15920200943946838,,,,
11,3134,,0.02555927075445652,,,,
11,3139,,-0.049636077135801315,,,,
11,3144,,0.24280118942260742,,,,
11,3149,,0.10023481398820877,,,,
11,3154,,0.008360862731933594,,,,
11,3159,,0.12974756956100464,,,,
11,3164,,0.3993203043937683,,,,
11,3169,,0.22514846920967102,,,,
11,3174,,0.17108705639839172,,,,
11,3179,,0.03723033517599106,,,,
11,3184,,0.02842037007212639,,,,
11,3189,,-0.16361039876937866,,,,
11,3194,,-0.0649469718337059,,,,
11,3199,,-0.016922447830438614,,,,
11,3204,,-0.030995100736618042,,,,
11,3209,,0.20706701278686523,,,,
11,3214,,0.08745791018009186,,,,
11,3219,,0.19769904017448425,,,,
11,3224,,-0.02291451022028923,,,,
11,3229,,-0.19220370054244995,,,,
11,3234,,0.16567251086235046,,,,
11,3239,,0.2905154228210449,,,,
11,3244,,0.05892549455165863,,,,
11,3249,,0.12699954211711884,,,,
11,3254,,-0.08128903806209564,,,,
11,3259,,0.19687631726264954,,,,
11,3264,,0.353016197681427,,,,
11,3269,,0.07968799769878387,,,,
11,3274,,0.08421310782432556,,,,
11,3279,,0.06432215869426727,,,,
11,3284,,0.2373150885105133,,,,
11,3289,,-0.11879292130470276,,,,
11,3294,,0.14112436771392822,,,,
11,3299,,-0.10286051034927368,,,,
11,3304,,0.12391699850559235,,,,
11,3309,,-0.00598008930683136,,,,
11,3314,,0.07072547823190689,,,,
11,3319,,0.010737190954387188,,,,
11,3324,,0.12899285554885864,,,,
11,3329,,-0.108065664768219,,,,
11,3334,,0.0039518168196082115,,,,
11,3339,,0.21790921688079834,,,,
11,3344,,-0.10845410823822021,,,,
11,3349,,-0.11892034113407135,,,,
11,3354,,-0.051442306488752365,,,,
11,3359,,-0.3653867840766907,,,,
11,3359,,,1.0693511962890625,2.394631862640381,0.019164610654115677,3.644517660140991
11,3359,0.06953492760658264,,,,,
12,3364,,-0.1555885374546051,,,,
12,3369,,0.08251994848251343,,,,
12,3374,,-0.01387106440961361,,,,
12,3379,,0.27344846725463867,,,,
12,3384,,-0.004585901275277138,,,,
12,3389,,0.10239547491073608,,,,
12,3394,,-0.07032308727502823,,,,
12,3399,,-0.08928197622299194,,,,
12,3404,,-0.020326199010014534,,,,
12,3409,,-0.05231316387653351,,,,
12,3414,,0.1316591501235962,,,,
12,3419,,-0.05592196062207222,,,,
12,3424,,0.3360835909843445,,,,
12,3429,,0.1211531013250351,,,,
12,3434,,0.23036623001098633,,,,
12,3439,,0.09598266333341599,,,,
12,3444,,0.3445466160774231,,,,
12,3449,,0.1857636570930481,,,,
12,3454,,0.16799290478229523,,,,
12,3459,,-0.011856527999043465,,,,
12,3464,,0.1074870303273201,,,,
12,3469,,0.3755233883857727,,,,
12,3474,,0.33108922839164734,,,,
12,3479,,0.05500715225934982,,,,
12,3484,,-0.2686825394630432,,,,
12,3489,,-0.08461324870586395,,,,
12,3494,,0.06865663826465607,,,,
12,3499,,0.05308248847723007,,,,
12,3504,,0.059981100261211395,,,,
12,3509,,0.29389646649360657,,,,
12,3514,,-0.15022532641887665,,,,
12,3519,,-0.25970879197120667,,,,
12,3524,,0.01832706667482853,,,,
12,3529,,-0.23619845509529114,,,,
12,3534,,0.2898317575454712,,,,
12,3539,,0.1811542510986328,,,,
12,3544,,-0.15294486284255981,,,,
12,3549,,0.16595838963985443,,,,
12,3554,,0.26158407330513,,,,
12,3559,,0.020149126648902893,,,,
12,3564,,0.16897141933441162,,,,
12,3569,,0.16711623966693878,,,,
12,3574,,0.2575886845588684,,,,
12,3579,,0.10053427517414093,,,,
12,3584,,0.11462332308292389,,,,
12,3589,,0.36884263157844543,,,,
12,3594,,0.17028993368148804,,,,
12,3599,,-0.12595556676387787,,,,
12,3604,,-0.015488849952816963,,,,
12,3609,,0.06418797373771667,,,,
12,3614,,-0.2353091537952423,,,,
12,3619,,0.2333502471446991,,,,
12,3624,,0.18410003185272217,,,,
12,3629,,0.18842868506908417,,,,
12,3634,,0.3839178681373596,,,,
12,3639,,0.5748915076255798,,,,
12,3639,,,1.1263270378112793,2.530827760696411,0.13217923045158386,3.77913236618042
12,3639,0.08005397766828537,,,,,
13,3644,,0.10805919766426086,,,,
13,3649,,0.1931997686624527,,,,
13,3654,,0.1089499220252037,,,,
13,3659,,-0.014482274651527405,,,,
13,3664,,-0.00861326977610588,,,,
13,3669,,0.14888404309749603,,,,
13,3674,,0.277374267578125,,,,
13,3679,,0.08435828983783722,,,,
13,3684,,0.014737788587808609,,,,
13,3689,,0.13975898921489716,,,,
13,3694,,0.08653631806373596,,,,
13,3699,,0.05480123683810234,,,,
13,3704,,-0.10040201246738434,,,,
13,3709,,0.17638027667999268,,,,
13,3714,,0.10271020233631134,,,,
13,3719,,0.15377295017242432,,,,
13,3724,,-0.04741080850362778,,,,
13,3729,,-0.10617490112781525,,,,
13,3734,,-0.09495731443166733,,,,
13,3739,,-0.012882163748145103,,,,
13,3744,,-0.055791229009628296,,,,
13,3749,,-0.04563038796186447,,,,
13,3754,,0.06740866601467133,,,,
13,3759,,0.10981366783380508,,,,
13,3764,,-0.0166461318731308,,,,
13,3769,,0.23085945844650269,,,,
13,3774,,0.08938312530517578,,,,
13,3779,,0.2370036244392395,,,,
13,3784,,-0.11723537743091583,,,,
13,3789,,-0.19893303513526917,,,,
13,3794,,-0.15796242654323578,,,,
13,3799,,0.0395408570766449,,,,
13,3804,,0.05980490520596504,,,,
13,3809,,0.050382524728775024,,,,
13,3814,,0.0979415625333786,,,,
13,3819,,0.27071595191955566,,,,
13,3824,,0.04620734229683876,,,,
13,3829,,-0.13462558388710022,,,,
13,3834,,0.10235314071178436,,,,
13,3839,,0.2678343653678894,,,,
13,3844,,0.04656652361154556,,,,
13,3849,,0.25514301657676697,,,,
13,3854,,0.06784183531999588,,,,
13,3859,,-0.16899222135543823,,,,
13,3864,,-0.0846652239561081,,,,
13,3869,,0.10873435437679291,,,,
13,3874,,0.24987132847309113,,,,
13,3879,,0.09264931827783585,,,,
13,3884,,0.005593612790107727,,,,
13,3889,,0.19281846284866333,,,,
13,3894,,-0.2538597583770752,,,,
13,3899,,-0.027390088886022568,,,,
13,3904,,0.3791930079460144,,,,
13,3909,,0.2299378216266632,,,,
13,3914,,0.17248746752738953,,,,
13,3919,,-0.446940153837204,,,,
13,3919,,,1.0826292037963867,2.436052083969116,0.07177186757326126,3.499321460723877
13,3919,0.07188757508993149,,,,,
14,3924,,-0.26811355352401733,,,,
14,3929,,0.06396959722042084,,,,
14,3934,,0.02313404530286789,,,,
14,3939,,0.06144731491804123,,,,
14,3944,,0.07520564645528793,,,,
14,3949,,0.13831694424152374,,,,
14,3954,,-0.09735418856143951,,,,
14,3959,,-0.05818064138293266,,,,
14,3964,,-0.005277530290186405,,,,
14,3969,,-0.11750121414661407,,,,
14,3974,,0.02071089670062065,,,,
14,3979,,0.4294152855873108,,,,
14,3984,,0.10151565074920654,,,,
14,3989,,0.07139657437801361,,,,
14,3994,,0.06182583421468735,,,,
14,3999,,0.12888765335083008,,,,
14,4004,,-0.03768937289714813,,,,
14,4009,,0.04444096237421036,,,,
14,4014,,0.05530019849538803,,,,
14,4019,,0.06627248972654343,,,,
14,4024,,-0.21040689945220947,,,,
14,4029,,0.06744929403066635,,,,
14,4034,,-0.23994264006614685,,,,
14,4039,,0.3644900321960449,,,,
14,4044,,0.21258418262004852,,,,
14,4049,,0.39033323526382446,,,,
14,4054,,0.09044674038887024,,,,
14,4059,,-0.3425854444503784,,,,
14,4064,,0.06628871709108353,,,,
14,4069,,-0.024834468960762024,,,,
14,4074,,0.12634482979774475,,,,
14,4079,,0.16200006008148193,,,,
14,4084,,-0.04740104079246521,,,,
14,4089,,0.015648694708943367,,,,
14,4094,,0.07718967646360397,,,,
14,4099,,0.1300170123577118,,,,
14,4104,,0.09033937752246857,,,,
14,4109,,-0.15360486507415771,,,,
14,4114,,0.18272699415683746,,,,
14,4119,,0.14747542142868042,,,,
14,4124,,0.12844210863113403,,,,
14,4129,,0.2852590084075928,,,,
14,4134,,-0.2651563882827759,,,,
14,4139,,0.38054394721984863,,,,
14,4144,,-0.3238629996776581,,,,
14,4149,,-0.031276457011699677,,,,
14,4154,,-0.20986053347587585,,,,
14,4159,,0.07475826889276505,,,,
14,4164,,0.19091026484966278,,,,
14,4169,,0.06448347121477127,,,,
14,4174,,0.043992362916469574,,,,
14,4179,,0.15845538675785065,,,,
14,4184,,0.3036947250366211,,,,
14,4189,,0.40030208230018616,,,,
14,4194,,0.33138930797576904,,,,
14,4199,,-0.0732276439666748,,,,
14,4199,,,1.0706874132156372,2.4069833755493164,-0.011149566620588303,3.6095683574676514
14,4199,0.05654328688979149,,,,,
15,4204,,0.2641643285751343,,,,
15,4209,,0.18501287698745728,,,,
15,4214,,0.17131972312927246,,,,
15,4219,,0.06597091257572174,,,,
15,4224,,0.19599571824073792,,,,
15,4229,,-0.015170777216553688,,,,
15,4234,,-0.32920676469802856,,,,
15,4239,,0.0018555475398898125,,,,
15,4244,,0.0002447478473186493,,,,
15,4249,,0.1701546162366867,,,,
15,4254,,0.012713792733848095,,,,
15,4259,,0.0700146034359932,,,,
15,4264,,-0.19454391300678253,,,,
15,4269,,-0.09559952467679977,,,,
15,4274,,0.2712007761001587,,,,
15,4279,,0.026817746460437775,,,,
15,4284,,0.30074793100357056,,,,
15,4289,,0.14432169497013092,,,,
15,4294,,-0.06661410629749298,,,,
15,4299,,0.1476842314004898,,,,
15,4304,,0.08210641890764236,,,,
15,4309,,-0.12598824501037598,,,,
15,4314,,-0.4305691123008728,,,,
15,4319,,0.10774174332618713,,,,
15,4324,,0.056944772601127625,,,,
15,4329,,-0.060482174158096313,,,,
15,4334,,-0.11895205080509186,,,,
15,4339,,-0.14964649081230164,,,,
15,4344,,0.12531334161758423,,,,
15,4349,,-0.08779137581586838,,,,
15,4354,,0.14579515159130096,,,,
15,4359,,-0.12054894864559174,,,,
15,4364,,0.23628872632980347,,,,
15,4369,,-0.05849843844771385,,,,
15,4374,,0.01556289754807949,,,,
15,4379,,-0.14037297666072845,,,,
15,4384,,0.005881814286112785,,,,
15,4389,,-0.07987484335899353,,,,
15,4394,,-0.12822405993938446,,,,
15,4399,,-0.10192295908927917,,,,
15,4404,,0.3415212035179138,,,,
15,4409,,0.043426238000392914,,,,
15,4414,,-0.3705626130104065,,,,
15,4419,,0.3309938609600067,,,,
15,4424,,-0.10035042464733124,,,,
15,4429,,0.09909404814243317,,,,
15,4434,,0.26289457082748413,,,,
15,4439,,0.12923985719680786,,,,
15,4444,,0.07911080121994019,,,,
15,4449,,0.2771705389022827,,,,
15,4454,,0.21954119205474854,,,,
15,4459,,0.12147893011569977,,,,
15,4464,,-0.38596993684768677,,,,
15,4469,,0.22558045387268066,,,,
15,4474,,0.2680809497833252,,,,
15,4479,,-0.05629219114780426,,,,
15,4479,,,1.1204265356063843,2.5399863719940186,0.057419177144765854,3.8262906074523926
15,4479,0.04947175830602646,,,,,
16,4484,,0.10983914881944656,,,,
16,4489,,0.006868193857371807,,,,
16,4494,,-0.03823408484458923,,,,
16,4499,,-0.16162094473838806,,,,
16,4504,,-0.07640402019023895,,,,
16,4509,,0.04145030304789543,,,,
16,4514,,-0.12017707526683807,,,,
16,4519,,0.007882460951805115,,,,
16,4524,,0.09774015098810196,,,,
16,4529,,0.23528853058815002,,,,
16,4534,,-0.00558117963373661,,,,
16,4539,,0.08297371864318848,,,,
16,4544,,-0.08494143933057785,,,,
16,4549,,0.23513245582580566,,,,
16,4554,,-0.16837343573570251,,,,
16,4559,,0.1971132457256317,,,,
16,4564,,0.06872113794088364,,,,
16,4569,,0.015226578339934349,,,,
16,4574,,0.044364120811223984,,,,
16,4579,,0.051047712564468384,,,,
16,4584,,0.2056586742401123,,,,
16,4589,,0.010560095310211182,,,,
16,4594,,0.2128981649875641,,,,
16,4599,,-0.0058479346334934235,,,,
16,4604,,0.2931521534919739,,,,
16,4609,,-0.12624311447143555,,,,
16,4614,,0.3310149312019348,,,,
16,4619,,0.11020394414663315,,,,
16,4624,,-0.1397445797920227,,,,
16,4629,,-0.2456459403038025,,,,
16,4634,,0.07100160419940948,,,,
16,4639,,0.12065425515174866,,,,
16,4644,,0.06330349296331406,,,,
16,4649,,0.295570433139801,,,,
16,4654,,0.12191180884838104,,,,
16,4659,,-0.060315895825624466,,,,
16,4664,,0.24963843822479248,,,,
16,4669,,0.1702737808227539,,,,
16,4674,,0.026409292593598366,,,,
16,4679,,-0.11297176778316498,,,,
16,4684,,-0.011501971632242203,,,,
16,4689,,0.16998757421970367,,,,
16,4694,,-0.14820963144302368,,,,
16,4699,,0.2571991980075836,,,,
16,4704,,-0.1237836629152298,,,,
16,4709,,-0.016336025670170784,,,,
16,4714,,0.019949134439229965,,,,
16,4719,,-0.07578089088201523,,,,
16,4724,,-0.09450046718120575,,,,
16,4729,,-0.013685094192624092,,,,
16,4734,,0.1136130839586258,,,,
16,4739,,0.031462661921978,,,,
16,4744,,-0.07689590752124786,,,,
16,4749,,0.026677031069993973,,,,
16,4754,,-0.15274640917778015,,,,
16,4759,,-0.26578211784362793,,,,
16,4759,,,1.1116055250167847,2.50187087059021,0.05109836533665657,3.8447394371032715
16,4759,0.06286559998989105,,,,,
17,4764,,0.2383134514093399,,,,
17,4769,,0.062078237533569336,,,,
17,4774,,-0.18739698827266693,,,,
17,4779,,-0.18612655997276306,,,,
17,4784,,0.06546395272016525,,,,
17,4789,,0.048603370785713196,,,,
17,4794,,-0.13838669657707214,,,,
17,4799,,0.26616549491882324,,,,
17,4804,,-0.013607447035610676,,,,
17,4809,,0.30822545289993286,,,,
17,4814,,-0.1810641884803772,,,,
17,4819,,-0.021698595955967903,,,,
17,4824,,0.07754310220479965,,,,
17,4829,,-0.10740231722593307,,,,
17,4834,,0.5285000801086426,,,,
17,4839,,0.026850402355194092,,,,
17,4844,,-0.08639949560165405,,,,
17,4849,,0.06151270866394043,,,,
17,4854,,-0.005726495757699013,,,,
17,4859,,-0.14520317316055298,,,,
17,4864,,0.18292248249053955,,,,
17,4869,,-0.1380077451467514,,,,
17,4874,,0.004670522641390562,,,,
17,4879,,0.044925834983587265,,,,
17,4884,,-0.06479895859956741,,,,
17,4889,,-0.0029099269304424524,,,,
17,4894,,0.259296178817749,,,,
17,4899,,-0.007701369933784008,,,,
17,4904,,0.01198541559278965,,,,
17,4909,,0.27527517080307007,,,,
17,4914,,0.4649847447872162,,,,
17,4919,,-0.08330859988927841,,,,
17,4924,,-0.3797944188117981,,,,
17,4929,,-0.1221165657043457,,,,
17,4934,,0.10321805626153946,,,,
17,4939,,-0.10852156579494476,,,,
17,4944,,-0.04693838208913803,,,,
17,4949,,-0.0893964171409607,,,,
17,4954,,0.2838713824748993,,,,
17,4959,,0.19056372344493866,,,,
17,4964,,0.2521212697029114,,,,
17,4969,,0.08674909919500351,,,,
17,4974,,-0.19177760183811188,,,,
17,4979,,-0.17276272177696228,,,,
17,4984,,0.2580014765262604,,,,
17,4989,,0.1303693950176239,,,,
17,4994,,-0.015238068997859955,,,,
17,4999,,-0.08998896926641464,,,,
17,5004,,0.001483626663684845,,,,
17,5009,,-0.16853350400924683,,,,
17,5014,,-0.08564017713069916,,,,
17,5019,,0.25654634833335876,,,,
17,5024,,0.11732557415962219,,,,
17,5029,,-0.1875273436307907,,,,
17,5034,,0.030360976234078407,,,,
17,5039,,-0.01907053031027317,,,,
17,5039,,,1.1012698411941528,2.4767301082611084,0.011196248233318329,3.976598024368286
17,5039,0.04782785475254059,,,,,
18,5044,,0.09440885484218597,,,,
18,5049,,-0.3011800944805145,,,,
18,5054,,-0.14324262738227844,,,,
18,5059,,0.12424217164516449,,,,
18,5064,,0.01319925393909216,,,,
18,5069,,-0.0747830718755722,,,,
18,5074,,-0.020096857100725174,,,,
18,5079,,-0.009598948061466217,,,,
18,5084,,0.16618607938289642,,,,
18,5089,,-0.1285184621810913,,,,
18,5094,,-0.2759946584701538,,,,
18,5099,,0.36024272441864014,,,,
18,5104,,-0.2103511542081833,,,,
18,5109,,0.11794610321521759,,,,
18,5114,,0.1576758623123169,,,,
18,5119,,0.04995514452457428,,,,
18,5124,,-0.04867526888847351,,,,
18,5129,,0.46797841787338257,,,,
18,5134,,0.12761326134204865,,,,
18,5139,,-0.06071258336305618,,,,
18,5144,,-0.080063097178936,,,,
18,5149,,-0.18624438345432281,,,,
18,5154,,-0.047279998660087585,,,,
18,5159,,-0.13813476264476776,,,,
18,5164,,0.1498156487941742,,,,
18,5169,,0.029998980462551117,,,,
18,5174,,0.23527376353740692,,,,
18,5179,,-0.05312268063426018,,,,
18,5184,,0.3773886561393738,,,,
18,5189,,0.01872698776423931,,,,
18,5194,,0.01961658149957657,,,,
18,5199,,0.35859963297843933,,,,
18,5204,,0.015687933191657066,,,,
18,5209,,-0.11856001615524292,,,,
18,5214,,-0.09162439405918121,,,,
18,5219,,-0.11925308406352997,,,,
18,5224,,0.047283124178647995,,,,
18,5229,,0.1452122926712036,,,,
18,5234,,0.14725175499916077,,,,
18,5239,,0.10728439688682556,,,,
18,5244,,-0.10760517418384552,,,,
18,5249,,0.05373617634177208,,,,
18,5254,,0.0937722772359848,,,,
18,5259,,-0.24256806075572968,,,,
18,5264,,0.0887513980269432,,,,
18,5269,,0.015982801094651222,,,,
18,5274,,-0.19554811716079712,,,,
18,5279,,-0.20750311017036438,,,,
18,5284,,0.07922592759132385,,,,
18,5289,,0.039871420711278915,,,,
18,5294,,0.00441845552995801,,,,
18,5299,,0.06502638757228851,,,,
18,5304,,0.028360091149806976,,,,
18,5309,,-0.05497126281261444,,,,
18,5314,,-0.03562288358807564,,,,
18,5319,,-0.36415332555770874,,,,
18,5319,,,1.1052041053771973,2.4378557205200195,0.09347082674503326,4.086227893829346
18,5319,0.04226120561361313,,,,,
19,5324,,-0.10352154076099396,,,,
19,5329,,0.26353976130485535,,,,
19,5334,,0.35823339223861694,,,,
19,5339,,0.12282754480838776,,,,
19,5344,,0.14335447549819946,,,,
19,5349,,0.4563433825969696,,,,
19,5354,,0.0748865008354187,,,,
19,5359,,-0.06397362053394318,,,,
19,5364,,0.10694891959428787,,,,
19,5369,,0.022941209375858307,,,,
19,5374,,0.08583256602287292,,,,
19,5379,,-0.09601041674613953,,,,
19,5384,,0.19999960064888,,,,
19,5389,,0.22654995322227478,,,,
19,5394,,0.058299846947193146,,,,
19,5399,,-0.24902229011058807,,,,
19,5404,,0.42128482460975647,,,,
19,5409,,-0.050488073378801346,,,,
19,5414,,0.17148716747760773,,,,
19,5419,,0.012347734533250332,,,,
19,5424,,0.1273338794708252,,,,
19,5429,,-0.018200203776359558,,,,
19,5434,,0.1543961763381958,,,,
19,5439,,0.32963991165161133,,,,
19,5444,,-0.05691634863615036,,,,
19,5449,,-0.07485257834196091,,,,
19,5454,,0.12934930622577667,,,,
19,5459,,0.30505868792533875,,,,
19,5464,,0.3076569437980652,,,,
19,5469,,-0.07533548027276993,,,,
19,5474,,0.41606563329696655,,,,
19,5479,,0.23486840724945068,,,,
19,5484,,0.009304327890276909,,,,
19,5489,,0.021755557507276535,,,,
19,5494,,-0.045458972454071045,,,,
19,5499,,0.08623923361301422,,,,
19,5504,,-0.20565322041511536,,,,
19,5509,,-0.04733315855264664,,,,
19,5514,,0.3726244568824768,,,,
19,5519,,0.36355042457580566,,,,
19,5524,,0.026776079088449478,,,,
19,5529,,0.006895158439874649,,,,
19,5534,,0.19618794322013855,,,,
19,5539,,-0.036055758595466614,,,,
19,5544,,0.057793304324150085,,,,
19,5549,,-0.061846956610679626,,,,
19,5554,,0.29779720306396484,,,,
19,5559,,-0.060659050941467285,,,,
19,5564,,-0.003871404565870762,,,,
19,5569,,-0.13976959884166718,,,,
19,5574,,0.10718010365962982,,,,
19,5579,,0.02340635657310486,,,,
19,5584,,0.08416552096605301,,,,
19,5589,,0.10715734958648682,,,,
19,5594,,0.3965444564819336,,,,
19,5599,,-0.004463253542780876,,,,
19,5599,,,1.0829524993896484,2.4537956714630127,0.03920293599367142,3.5415050983428955
19,5599,0.05846661329269409,,,,,
20,5604,,0.07523097097873688,,,,
20,5609,,-0.06332407891750336,,,,
20,5614,,0.3434983491897583,,,,
20,5619,,-0.2995653450489044,,,,
20,5624,,-0.006655475590378046,,,,
20,5629,,0.20720520615577698,,,,
20,5634,,-0.28974300622940063,,,,
20,5639,,0.08461952209472656,,,,
20,5644,,-0.05228419229388237,,,,
20,5649,,-0.10521054267883301,,,,
20,5654,,0.1677463948726654,,,,
20,5659,,0.20195654034614563,,,,
20,5664,,0.20167188346385956,,,,
20,5669,,0.37733376026153564,,,,
20,5674,,0.07711228728294373,,,,
20,5679,,0.08351338654756546,,,,
20,5684,,-0.23091134428977966,,,,
20,5689,,0.05445804446935654,,,,
20,5694,,-0.09175772219896317,,,,
20,5699,,-0.14917781949043274,,,,
20,5704,,0.030120505020022392,,,,
20,5709,,0.032870158553123474,,,,
20,5714,,0.25809240341186523,,,,
20,5719,,0.0987546443939209,,,,
20,5724,,0.16980785131454468,,,,
20,5729,,0.09534241259098053,,,,
20,5734,,0.0890340581536293,,,,
20,5739,,-0.02935796231031418,,,,
20,5744,,-0.04695581644773483,,,,
20,5749,,0.15366676449775696,,,,
20,5754,,0.0703621432185173,,,,
20,5759,,0.3064594864845276,,,,
20,5764,,-0.03454919904470444,,,,
20,5769,,0.17119315266609192,,,,
20,5774,,0.06096784770488739,,,,
20,5779,,0.24791869521141052,,,,
20,5784,,0.12876170873641968,,,,
20,5789,,-0.04296690225601196,,,,
20,5794,,0.10678015649318695,,,,
20,5799,,-0.15502656996250153,,,,
20,5804,,0.12657275795936584,,,,
20,5809,,-0.03049909882247448,,,,
20,5814,,0.030817510560154915,,,,
20,5819,,-0.13617095351219177,,,,
20,5824,,-0.0438588447868824,,,,
20,5829,,0.11263293027877808,,,,
20,5834,,0.4053720533847809,,,,
20,5839,,0.05779559910297394,,,,
20,5844,,0.27079108357429504,,,,
20,5849,,0.2114056944847107,,,,
20,5854,,0.07387058436870575,,,,
20,5859,,0.366618275642395,,,,
20,5864,,-0.16904358565807343,,,,
20,5869,,0.004174486268311739,,,,
20,5874,,0.2965027391910553,,,,
20,5879,,0.010994482785463333,,,,
20,5879,,,1.091371774673462,2.436370849609375,0.003753245808184147,3.6116867065429688
20,5879,0.05275501310825348,,,,,
21,5884,,0.49117231369018555,,,,
21,5889,,0.28128430247306824,,,,
21,5894,,-0.06019245833158493,,,,
21,5899,,0.02546584978699684,,,,
21,5904,,0.11497186124324799,,,,
21,5909,,-0.19786202907562256,,,,
21,5914,,0.2334025502204895,,,,
21,5919,,0.2748309373855591,,,,
21,5924,,0.05391499772667885,,,,
21,5929,,0.05804041028022766,,,,
21,5934,,0.046750519424676895,,,,
21,5939,,-0.10920008271932602,,,,
21,5944,,-0.13351963460445404,,,,
21,5949,,0.0005500977858901024,,,,
21,5954,,-5.6805089116096497e-05,,,,
21,5959,,-0.29647600650787354,,,,
21,5964,,-0.12925876677036285,,,,
21,5969,,-0.08246483653783798,,,,
21,5974,,-0.08212120831012726,,,,
21,5979,,0.03924264758825302,,,,
21,5984,,0.15442615747451782,,,,
21,5989,,0.15129102766513824,,,,
21,5994,,0.20119063556194305,,,,
21,5999,,0.14787137508392334,,,,
21,6004,,0.2425069361925125,,,,
21,6009,,0.2106645554304123,,,,
21,6014,,-0.13375434279441833,,,,
21,6019,,0.1555671989917755,,,,
21,6024,,0.0505453459918499,,,,
21,6029,,-0.021530751138925552,,,,
21,6034,,0.01746353879570961,,,,
21,6039,,0.1184748113155365,,,,
21,6044,,-0.25187796354293823,,,,
21,6049,,0.08275721222162247,,,,
21,6054,,0.3041002154350281,,,,
21,6059,,0.12876421213150024,,,,
21,6064,,0.17437338829040527,,,,
21,6069,,0.07013609260320663,,,,
21,6074,,-0.2377193421125412,,,,
21,6079,,-0.0039012120105326176,,,,
21,6084,,-0.21058039367198944,,,,
21,6089,,0.2613978683948517,,,,
21,6094,,0.10356423258781433,,,,
21,6099,,0.1606197953224182,,,,
21,6104,,0.1774171143770218,,,,
21,6109,,0.03430357575416565,,,,
21,6114,,0.05445355549454689,,,,
21,6119,,0.009278008714318275,,,,
21,6124,,0.18132835626602173,,,,
21,6129,,0.3192925751209259,,,,
21,6134,,-0.02465045265853405,,,,
21,6139,,-0.10372768342494965,,,,
21,6144,,-0.05467129126191139,,,,
21,6149,,-0.025483127683401108,,,,
21,6154,,-0.10820578038692474,,,,
21,6159,,-0.1156844049692154,,,,
21,6159,,,1.1334245204925537,2.5994372367858887,0.010240882635116577,3.9819672107696533
21,6159,0.03365366905927658,,,,,
22,6164,,0.2365640550851822,,,,
22,6169,,0.34020644426345825,,,,
22,6174,,0.07439126819372177,,,,
22,6179,,0.314538836479187,,,,
22,6184,,0.214543879032135,,,,
22,6189,,0.1339799463748932,,,,
22,6194,,0.33547353744506836,,,,
22,6199,,0.09805110096931458,,,,
22,6204,,-0.0852753221988678,,,,
22,6209,,0.39231085777282715,,,,
22,6214,,0.13729049265384674,,,,
22,6219,,-0.0736076682806015,,,,
22,6224,,0.07361146807670593,,,,
22,6229,,0.0004524444229900837,,,,
22,6234,,-0.00528982188552618,,,,
22,6239,,0.3024243712425232,,,,
22,6244,,-0.04690098762512207,,,,
22,6249,,0.20702123641967773,,,,
22,6254,,0.09082236886024475,,,,
22,6259,,0.3023918867111206,,,,
22,6264,,0.14823982119560242,,,,
22,6269,,0.11417616158723831,,,,
22,6274,,-0.21014976501464844,,,,
22,6279,,0.003363841213285923,,,,
22,6284,,-0.06111488491296768,,,,
22,6289,,0.13184350728988647,,,,
22,6294,,-0.16812685132026672,,,,
22,6299,,0.1806086003780365,,,,
22,6304,,0.19833311438560486,,,,
22,6309,,0.07389965653419495,,,,
22,6314,,-0.31988364458084106,,,,
22,6319,,0.016429120674729347,,,,
22,6324,,-0.07351409643888474,,,,
22,6329,,-0.24785703420639038,,,,
22,6334,,-0.24205327033996582,,,,
22,6339,,0.36506521701812744,,,,
22,6344,,0.01986495405435562,,,,
22,6349,,0.340612530708313,,,,
22,6354,,0.10161901265382767,,,,
22,6359,,0.09094010293483734,,,,
22,6364,,0.15711213648319244,,,,
22,6369,,-0.16076038777828217,,,,
22,6374,,-0.04154572635889053,,,,
22,6379,,0.20154018700122833,,,,
22,6384,,-0.13986235857009888,,,,
22,6389,,0.15155085921287537,,,,
22,6394,,0.20511353015899658,,,,
22,6399,,-0.06637194752693176,,,,
22,6404,,0.042341168969869614,,,,
22,6409,,0.029943471774458885,,,,
22,6414,,0.14597903192043304,,,,
22,6419,,0.034124523401260376,,,,
22,6424,,-0.029097935184836388,,,,
22,6429,,0.05726666748523712,,,,
22,6434,,0.2854181230068207,,,,
22,6439,,0.01408681832253933,,,,
22,6439,,,1.077561616897583,2.464688777923584,-0.008268246427178383,3.523066282272339
22,6439,0.053393542766571045,,,,,
23,6444,,0.08743898570537567,,,,
23,6449,,-0.07036349177360535,,,,
23,6454,,0.37532496452331543,,,,
23,6459,,-0.24508848786354065,,,,
23,6464,,0.07328367978334427,,,,
23,6469,,-0.1433304250240326,,,,
23,6474,,-0.21432510018348694,,,,
23,6479,,0.011729544028639793,,,,
23,6484,,0.21142855286598206,,,,
23,6489,,-0.0065538110211491585,,,,
23,6494,,-0.11754123866558075,,,,
23,6499,,0.06081052124500275,,,,
23,6504,,0.027133239433169365,,,,
23,6509,,-0.0669742152094841,,,,
23,6514,,-0.0665341317653656,,,,
23,6519,,0.1577041745185852,,,,
23,6524,,-0.009112188592553139,,,,
23,6529,,0.005740066524595022,,,,
23,6534,,-0.13728992640972137,,,,
23,6539,,0.0025390656664967537,,,,
23,6544,,0.010652253404259682,,,,
23,6549,,-0.24579590559005737,,,,
23,6554,,0.08516693115234375,,,,
23,6559,,0.13203339278697968,,,,
23,6564,,-0.1288469135761261,,,,
23,6569,,0.05979117751121521,,,,
23,6574,,0.010257446207106113,,,,
23,6579,,0.30524396896362305,,,,
23,6584,,0.0270376019179821,,,,
23,6589,,0.10456953197717667,,,,
23,6594,,0.25446999073028564,,,,
23,6599,,-0.04551494121551514,,,,
23,6604,,-0.11632311344146729,,,,
23,6609,,0.10176660865545273,,,,
23,6614,,0.15733912587165833,,,,
23,6619,,-0.012102045118808746,,,,
23,6624,,0.05429842323064804,,,,
23,6629,,-0.3243447244167328,,,,
23,6634,,-0.032489653676748276,,,,
23,6639,,-0.1447000503540039,,,,
23,6644,,0.26150184869766235,,,,
23,6649,,0.03837812691926956,,,,
23,6654,,-0.025948630645871162,,,,
23,6659,,-0.04127604514360428,,,,
23,6664,,-0.01949259079992771,,,,
23,6669,,0.12454371154308319,,,,
23,6674,,-0.1604164093732834,,,,
23,6679,,-0.06619744747877121,,,,
23,6684,,0.1409771740436554,,,,
23,6689,,0.18980637192726135,,,,
23,6694,,0.2164161503314972,,,,
23,6699,,0.07926972210407257,,,,
23,6704,,0.02806428261101246,,,,
23,6709,,0.35236257314682007,,,,
23,6714,,-0.0998978465795517,,,,
23,6719,,0.025772958993911743,,,,
23,6719,,,1.1026368141174316,2.4541757106781006,0.08550284802913666,3.6547605991363525
23,6719,0.04653603211045265,,,,,
24,6724,,0.19254863262176514,,,,
24,6729,,0.06751667708158493,,,,
24,6734,,-0.19212539494037628,,,,
24,6739,,0.04226328432559967,,,,
24,6744,,-0.1376374065876007,,,,
24,6749,,0.06429269909858704,,,,
24,6754,,-0.15520161390304565,,,,
24,6759,,0.03879765793681145,,,,
24,6764,,0.022028647363185883,,,,
24,6769,,0.16107645630836487,,,,
24,6774,,-0.059158965945243835,,,,
24,6779,,0.2192336618900299,,,,
24,6784,,0.2201179563999176,,,,
24,6789,,-0.09123238921165466,,,,
24,6794,,0.1058984249830246,,,,
24,6799,,-0.014373956248164177,,,,
24,6804,,0.09586571156978607,,,,
24,6809,,-0.06961242854595184,,,,
24,6814,,0.2550172209739685,,,,
24,6819,,0.06190046668052673,,,,
24,6824,,0.12206213176250458,,,,
24,6829,,0.14679573476314545,,,,
24,6834,,-0.12332840263843536,,,,
24,6839,,-0.04583851993083954,,,,
24,6844,,0.09483647346496582,,,,
24,6849,,-0.09292145818471909,,,,
24,6854,,-0.06820359826087952,,,,
24,6859,,0.27706843614578247,,,,
24,6864,,0.15054965019226074,,,,
24,6869,,0.2640838623046875,,,,
24,6874,,0.08240397274494171,,,,
24,6879,,0.057668253779411316,,,,
24,6884,,0.019598769024014473,,,,
24,6889,,0.07450206577777863,,,,
24,6894,,-0.23527953028678894,,,,
24,6899,,0.18164780735969543,,,,
24,6904,,0.04591774940490723,,,,
24,6909,,0.04686153680086136,,,,
24,6914,,0.14234602451324463,,,,
24,6919,,-0.14532631635665894,,,,
24,6924,,0.0068935793824493885,,,,
24,6929,,0.20320196449756622,,,,
24,6934,,0.06544121354818344,,,,
24,6939,,0.2922237515449524,,,,
24,6944,,0.3561041057109833,,,,
24,6949,,0.04256907477974892,,,,
24,6954,,-0.03747403621673584,,,,
24,6959,,0.1267964094877243,,,,
24,6964,,0.15041697025299072,,,,
24,6969,,0.09663814306259155,,,,
24,6974,,0.11902497708797455,,,,
24,6979,,0.18102677166461945,,,,
24,6984,,-0.09000200033187866,,,,
24,6989,,0.22166511416435242,,,,
24,6994,,0.0547131709754467,,,,
24,6999,,-0.07055613398551941,,,,
24,6999,,,1.1087849140167236,2.515857458114624,0.09978258609771729,3.8922438621520996
24,6999,0.05559329688549042,,,,,
25,7004,,-0.18543851375579834,,,,
25,7009,,0.041894473135471344,,,,
25,7014,,0.015458649024367332,,,,
25,7019,,0.2227981686592102,,,,
25,7024,,0.07613728940486908,,,,
25,7029,,-0.07702824473381042,,,,
25,7034,,-0.021454492583870888,,,,
25,7039,,0.1865701675415039,,,,
25,7044,,0.2697623372077942,,,,
25,7049,,-0.08718077838420868,,,,
25,7054,,0.04694201797246933,,,,
25,7059,,0.14848409593105316,,,,
25,7064,,0.2157193422317505,,,,
25,7069,,-0.2535638213157654,,,,
25,7074,,-0.01702413335442543,,,,
25,7079,,0.016241425648331642,,,,
25,7084,,-0.026326434686779976,,,,
25,7089,,-0.07125191390514374,,,,
25,7094,,0.03685878589749336,,,,
25,7099,,0.26446256041526794,,,,
25,7104,,0.0018691662698984146,,,,
25,7109,,-0.16965006291866302,,,,
25,7114,,-0.09690490365028381,,,,
25,7119,,0.11892395466566086,,,,
25,7124,,0.09974578022956848,,,,
25,7129,,0.04277486726641655,,,,
25,7134,,0.008904646150767803,,,,
25,7139,,0.29776573181152344,,,,
25,7144,,-0.007884925231337547,,,,
25,7149,,0.010155338793992996,,,,
25,7154,,-0.004255551844835281,,,,
25,7159,,0.17855927348136902,,,,
25,7164,,-0.009322497993707657,,,,
25,7169,,0.25579166412353516,,,,
25,7174,,-0.08809946477413177,,,,
25,7179,,0.4601685702800751,,,,
25,7184,,0.08506275713443756,,,,
25,7189,,-0.039892956614494324,,,,
25,7194,,0.20464065670967102,,,,
25,7199,,-0.03454239293932915,,,,
25,7204,,0.05239173024892807,,,,
25,7209,,-0.0836707353591919,,,,
25,7214,,0.04872189089655876,,,,
25,7219,,-0.16844800114631653,,,,
25,7224,,-0.03575839847326279,,,,
25,7229,,-0.1668049842119217,,,,
25,7234,,0.006587594747543335,,,,
25,7239,,0.2618001699447632,,,,
25,7244,,-0.14389054477214813,,,,
25,7249,,-0.3871919512748718,,,,
25,7254,,0.19046902656555176,,,,
25,7259,,-0.0995209813117981,,,,
25,7264,,-0.1827084720134735,,,,
25,7269,,0.05847618356347084,,,,
25,7274,,-0.1897343248128891,,,,
25,7279,,0.27771323919296265,,,,
25,7279,,,1.1079802513122559,2.4619357585906982,0.12524229288101196,3.9029483795166016
25,7279,0.04047755151987076,,,,,
26,7284,,0.19135454297065735,,,,
26,7289,,-0.13990946114063263,,,,
26,7294,,0.2280758023262024,,,,
26,7299,,0.08908528089523315,,,,
26,7304,,0.26765894889831543,,,,
26,7309,,0.190740168094635,,,,
26,7314,,0.0650312602519989,,,,
26,7319,,-0.1433599591255188,,,,
26,7324,,0.3103328347206116,,,,
26,7329,,-0.07461873441934586,,,,
26,7334,,0.1415276676416397,,,,
26,7339,,0.13579115271568298,,,,
26,7344,,0.6179002523422241,,,,
26,7349,,0.25236645340919495,,,,
26,7354,,-0.0570957250893116,,,,
26,7359,,0.28804975748062134,,,,
26,7364,,0.14890331029891968,,,,
26,7369,,0.06690550595521927,,,,
26,7374,,0.3248329162597656,,,,
26,7379,,0.12971238791942596,,,,
26,7384,,-0.04245736449956894,,,,
26,7389,,0.08513440191745758,,,,
26,7394,,0.250234991312027,,,,
26,7399,,0.04130556434392929,,,,
26,7404,,-0.10719365626573563,,,,
26,7409,,0.0715666338801384,,,,
26,7414,,0.266420841217041,,,,
26,7419,,0.11346663534641266,,,,
26,7424,,-0.0010482482612133026,,,,
26,7429,,0.030655454844236374,,,,
26,7434,,0.5216927528381348,,,,
26,7439,,-0.20793017745018005,,,,
26,7444,,0.1444741189479828,,,,
26,7449,,-0.10069318115711212,,,,
26,7454,,-0.04516308382153511,,,,
26,7459,,0.19479486346244812,,,,
26,7464,,0.29172736406326294,,,,
26,7469,,0.15004810690879822,,,,
26,7474,,0.1052757278084755,,,,
26,7479,,0.24458380043506622,,,,
26,7484,,0.1606835126876831,,,,
26,7489,,0.5233697891235352,,,,
26,7494,,-0.06286869198083878,,,,
26,7499,,0.08804503828287125,,,,
26,7504,,-0.020362945273518562,,,,
26,7509,,0.10867258906364441,,,,
26,7514,,-0.1751573234796524,,,,
26,7519,,0.1522519886493683,,,,
26,7524,,0.08140433579683304,,,,
26,7529,,-0.05112091824412346,,,,
26,7534,,-0.007226062007248402,,,,
26,7539,,0.29455000162124634,,,,
26,7544,,0.08602838963270187,,,,
26,7549,,0.001712988130748272,,,,
26,7554,,0.13793662190437317,,,,
26,7559,,-0.21115049719810486,,,,
26,7559,,,1.1019580364227295,2.48608660697937,0.023385031148791313,3.7895288467407227
26,7559,0.06394890695810318,,,,,
27,7564,,-0.09564539045095444,,,,
27,7569,,-0.12199846655130386,,,,
27,7574,,-0.08235691487789154,,,,
27,7579,,-0.09772758930921555,,,,
27,7584,,-0.03998658433556557,,,,
27,7589,,0.0659574419260025,,,,
27,7594,,-0.4880582094192505,,,,
27,7599,,0.12881547212600708,,,,
27,7604,,0.08037535101175308,,,,
27,7609,,0.10764683783054352,,,,
27,7614,,0.13807536661624908,,,,
27,7619,,-0.2864784598350525,,,,
27,7624,,0.0959935188293457,,,,
27,7629,,-0.2562154531478882,,,,
27,7634,,0.04245307669043541,,,,
27,7639,,-0.05750409886240959,,,,
27,7644,,0.10939625650644302,,,,
27,7649,,0.35868966579437256,,,,
27,7654,,0.2849169671535492,,,,
27,7659,,0.015498530119657516,,,,
27,7664,,0.008948911912739277,,,,
27,7669,,-0.19909313321113586,,,,
27,7674,,-0.21523146331310272,,,,
27,7679,,0.08254170417785645,,,,
27,7684,,-0.2993929386138916,,,,
27,7689,,-0.03698160871863365,,,,
27,7694,,-0.06156131625175476,,,,
27,7699,,0.21932609379291534,,,,
27,7704,,-0.2695115804672241,,,,
27,7709,,0.19513151049613953,,,,
27,7714,,0.3170538544654846,,,,
27,7719,,0.0748506486415863,,,,
27,7724,,-0.0648367628455162,,,,
27,7729,,0.20229437947273254,,,,
27,7734,,-0.03888094052672386,,,,
27,7739,,0.028946910053491592,,,,
27,7744,,0.11724308878183365,,,,
27,7749,,-0.037722766399383545,,,,
27,7754,,0.14649774134159088,,,,
27,7759,,-0.20919141173362732,,,,
27,7764,,-0.1070416122674942,,,,
27,7769,,-0.1308142989873886,,,,
27,7774,,-0.15908321738243103,,,,
27,7779,,-0.18504756689071655,,,,
27,7784,,-0.003776119090616703,,,,
27,7789,,0.07808423042297363,,,,
27,7794,,-0.20984302461147308,,,,
27,7799,,0.115712970495224,,,,
27,7804,,0.49829161167144775,,,,
27,7809,,0.19948939979076385,,,,
27,7814,,0.05967488884925842,,,,
27,7819,,0.06687480956315994,,,,
27,7824,,-0.18252167105674744,,,,
27,7829,,-0.01818903535604477,,,,
27,7834,,0.046696025878190994,,,,
27,7839,,-0.22943833470344543,,,,
27,7839,,,1.126773715019226,2.5462143421173096,0.055608075112104416,3.9049391746520996
27,7839,0.0365811288356781,,,,,
28,7844,,-0.0008950317278504372,,,,
28,7849,,0.3944922685623169,,,,
28,7854,,0.13002559542655945,,,,
28,7859,,-0.020956844091415405,,,,
28,7864,,-0.053225353360176086,,,,
28,7869,,0.059658780694007874,,,,
28,7874,,-0.12329806387424469,,,,
28,7879,,-0.047850511968135834,,,,
28,7884,,-0.12150653451681137,,,,
28,7889,,0.20614781975746155,,,,
28,7894,,0.016144689172506332,,,,
28,7899,,-0.1641763150691986,,,,
28,7904,,-0.20962727069854736,,,,
28,7909,,-0.003513278439640999,,,,
28,7914,,0.05778345465660095,,,,
28,7919,,0.11741325259208679,,,,
28,7924,,-0.026350950822234154,,,,
28,7929,,0.4554498791694641,,,,
28,7934,,0.17249712347984314,,,,
28,7939,,-0.17639747262001038,,,,
28,7944,,-0.1391981840133667,,,,
28,7949,,0.05847860127687454,,,,
28,7954,,0.03247880935668945,,,,
28,7959,,-0.04201086610555649,,,,
28,7964,,0.09140752255916595,,,,
28,7969,,-0.044000133872032166,,,,
28,7974,,0.14107662439346313,,,,
28,7979,,-0.10669910907745361,,,,
28,7984,,0.22964692115783691,,,,
28,7989,,-0.0030590081587433815,,,,
28,7994,,-0.008015099912881851,,,,
28,7999,,0.1352798193693161,,,,
28,8004,,-0.0011727102100849152,,,,
28,8009,,0.013300632126629353,,,,
28,8014,,-0.06882243603467941,,,,
28,8019,,0.2612153887748718,,,,
28,8024,,0.1121777594089508,,,,
28,8029,,-0.05284795165061951,,,,
28,8034,,-0.07931092381477356,,,,
28,8039,,-0.10673271119594574,,,,
28,8044,,0.010613670572638512,,,,
28,8049,,0.14139173924922943,,,,
28,8054,,0.017999317497015,,,,
28,8059,,0.0920751690864563,,,,
28,8064,,0.09797888994216919,,,,
28,8069,,0.10997717082500458,,,,
28,8074,,-0.32000666856765747,,,,
28,8079,,0.08547202497720718,,,,
28,8084,,-0.13085559010505676,,,,
28,8089,,0.28978967666625977,,,,
28,8094,,-0.006642414256930351,,,,
28,8099,,0.20700791478157043,,,,
28,8104,,-0.15113388001918793,,,,
28,8109,,-0.03852957859635353,,,,
28,8114,,0.017741970717906952,,,,
28,8119,,0.284015953540802,,,,
28,8119,,,1.1221574544906616,2.5699241161346436,0.05708843097090721,3.87968373298645
28,8119,0.03938916325569153,,,,,
29,8124,,0.12071864306926727,,,,
29,8129,,-0.08240638673305511,,,,
29,8134,,0.06897835433483124,,,,
29,8139,,0.1241932362318039,,,,
29,8144,,0.25933295488357544,,,,
29,8149,,0.10405802726745605,,,,
29,8154,,-0.11563216149806976,,,,
29,8159,,-0.2999753952026367,,,,
29,8164,,0.17273858189582825,,,,
29,8169,,-0.06718631088733673,,,,
29,8174,,-0.25616875290870667,,,,
29,8179,,0.25588417053222656,,,,
29,8184,,0.14992573857307434,,,,
29,8189,,-0.07197688519954681,,,,
29,8194,,-0.09309646487236023,,,,
29,8199,,0.1681707203388214,,,,
29,8204,,0.038473084568977356,,,,
29,8209,,0.13823027908802032,,,,
29,8214,,-0.012723175808787346,,,,
29,8219,,-0.010795344598591328,,,,
29,8224,,0.001055750995874405,,,,
29,8229,,-0.19347694516181946,,,,
29,8234,,-0.03849443420767784,,,,
29,8239,,0.17807674407958984,,,,
29,8244,,0.06204728037118912,,,,
29,8249,,0.10036931931972504,,,,
29,8254,,0.17011123895645142,,,,
29,8259,,0.2625826597213745,,,,
29,8264,,0.05289912223815918,,,,
29,8269,,-0.11132657527923584,,,,
29,8274,,0.3605598211288452,,,,
29,8279,,-0.0032615885138511658,,,,
29,8284,,0.1265888214111328,,,,
29,8289,,0.10966379940509796,,,,
29,8294,,-0.19593796133995056,,,,
29,8299,,0.27364009618759155,,,,
29,8304,,0.019791319966316223,,,,
29,8309,,0.051106858998537064,,,,
29,8314,,0.12278881669044495,,,,
29,8319,,-0.004636213183403015,,,,
29,8324,,0.030219385400414467,,,,
29,8329,,0.010958372615277767,,,,
29,8334,,0.0926423966884613,,,,
29,8339,,0.04100056365132332,,,,
29,8344,,-0.2677173316478729,,,,
29,8349,,-0.006057997699826956,,,,
29,8354,,-0.09861839562654495,,,,
29,8359,,0.3669168949127197,,,,
29,8364,,0.06273812055587769,,,,
29,8369,,0.2080157846212387,,,,
29,8374,,0.11229772865772247,,,,
29,8379,,-0.04357210546731949,,,,
29,8384,,-0.02014290541410446,,,,
29,8389,,0.2840397357940674,,,,
29,8394,,-0.24002566933631897,,,,
29,8399,,0.04225241392850876,,,,
29,8399,,,1.0605331659317017,2.363590955734253,0.08259756863117218,3.3398215770721436
29,8399,0.0532873161137104,,,,,
30,8404,,0.10299832373857498,,,,
30,8409,,-0.006949945352971554,,,,
30,8414,,-0.08623896539211273,,,,
30,8419,,-0.24727994203567505,,,,
30,8424,,0.1982722282409668,,,,
30,8429,,-0.11413521319627762,,,,
30,8434,,0.2326364815235138,,,,
30,8439,,-0.025737758725881577,,,,
30,8444,,-0.13659265637397766,,,,
30,8449,,-0.16075876355171204,,,,
30,8454,,0.005597418174147606,,,,
30,8459,,-0.17979790270328522,,,,
30,8464,,-0.09937306493520737,,,,
30,8469,,0.04688611254096031,,,,
30,8474,,0.11078284680843353,,,,
30,8479,,0.08276188373565674,,,,
30,8484,,-0.12375903874635696,,,,
30,8489,,0.043709829449653625,,,,
30,8494,,-0.3085974454879761,,,,
30,8499,,0.39275407791137695,,,,
30,8504,,-0.03000294417142868,,,,
30,8509,,-0.10733601450920105,,,,
30,8514,,0.22724220156669617,,,,
30,8519,,0.024649299681186676,,,,
30,8524,,0.076169952750206,,,,
30,8529,,0.35463863611221313,,,,
30,8534,,0.24287062883377075,,,,
30,8539,,0.12350276112556458,,,,
30,8544,,0.013357973657548428,,,,
30,8549,,-0.23528000712394714,,,,
30,8554,,0.028925690799951553,,,,
30,8559,,-0.2377077341079712,,,,
30,8564,,-0.23644396662712097,,,,
30,8569,,0.2393614649772644,,,,
30,8574,,-0.055946823209524155,,,,
30,8579,,0.1866048276424408,,,,
30,8584,,0.019630907103419304,,,,
30,8589,,0.13068336248397827,,,,
30,8594,,-0.01826348900794983,,,,
30,8599,,0.14039310812950134,,,,
30,8604,,0.2097795009613037,,,,
30,8609,,0.1882385015487671,,,,
30,8614,,-0.12676934897899628,,,,
30,8619,,0.06265556812286377,,,,
30,8624,,-0.014282962307333946,,,,
30,8629,,0.2994062900543213,,,,
30,8634,,-0.28265780210494995,,,,
30,8639,,-0.018140185624361038,,,,
30,8644,,-0.05746174603700638,,,,
30,8649,,0.14720816910266876,,,,
30,8654,,-0.1431320309638977,,,,
30,8659,,-0.15830427408218384,,,,
30,8664,,-0.06187814846634865,,,,
30,8669,,0.13397014141082764,,,,
30,8674,,0.0728565901517868,,,,
30,8679,,0.16674748063087463,,,,
30,8679,,,1.0841549634933472,2.52190899848938,-0.025767073035240173,3.5390775203704834
30,8679,0.013642986305058002,,,,,
31,8684,,-0.2805159389972687,,,,
31,8689,,0.06805691123008728,,,,
31,8694,,-0.32468172907829285,,,,
31,8699,,-0.12133210897445679,,,,
31,8704,,-0.1980636566877365,,,,
31,8709,,-0.0316721647977829,,,,
31,8714,,0.16084066033363342,,,,
31,8719,,0.13684310019016266,,,,
31,8724,,0.08451863378286362,,,,
31,8729,,-0.24131879210472107,,,,
31,8734,,0.14348796010017395,,,,
31,8739,,0.0987931489944458,,,,
31,8744,,-0.2784196734428406,,,,
31,8749,,0.037905748933553696,,,,
31,8754,,0.021981514990329742,,,,
31,8759,,-0.08394599705934525,,,,
31,8764,,0.17861738801002502,,,,
31,8769,,0.3322918117046356,,,,
31,8774,,0.14167937636375427,,,,
31,8779,,0.09836229681968689,,,,
31,8784,,0.10646362602710724,,,,
31,8789,,0.3236789107322693,,,,
31,8794,,0.11696469783782959,,,,
31,8799,,0.2823218107223511,,,,
31,8804,,-0.247234046459198,,,,
31,8809,,-0.04811472073197365,,,,
31,8814,,-0.019946029409766197,,,,
31,8819,,-0.19961896538734436,,,,
31,8824,,0.009035996161401272,,,,
31,8829,,-0.273998886346817,,,,
31,8834,,-0.291657030582428,,,,
31,8839,,0.1026436984539032,,,,
31,8844,,0.34805718064308167,,,,
31,8849,,-0.06558557599782944,,,,
31,8854,,-0.0911884680390358,,,,
31,8859,,0.029376747086644173,,,,
31,8864,,-0.22376899421215057,,,,
31,8869,,0.15416276454925537,,,,
31,8874,,0.012153204530477524,,,,
31,8879,,0.21340668201446533,,,,
31,8884,,-0.024118531495332718,,,,
31,8889,,-0.0727284699678421,,,,
31,8894,,-0.01599426008760929,,,,
31,8899,,0.30660825967788696,,,,
31,8904,,-0.05623214691877365,,,,
31,8909,,-0.11751723289489746,,,,
31,8914,,-0.22583267092704773,,,,
31,8919,,0.13755139708518982,,,,
31,8924,,0.19041745364665985,,,,
31,8929,,-0.25426048040390015,,,,
31,8934,,0.14457258582115173,,,,
31,8939,,0.0675434023141861,,,,
31,8944,,0.053546905517578125,,,,
31,8949,,0.20182612538337708,,,,
31,8954,,-0.08016423881053925,,,,
31,8959,,0.10858118534088135,,,,
31,8959,,,1.1187117099761963,2.5508430004119873,-0.010524660348892212,3.9485678672790527
31,8959,0.02750108763575554,,,,,
32,8964,,0.01121558342128992,,,,
32,8969,,0.05239897593855858,,,,
32,8974,,-0.06717915087938309,,,,
32,8979,,0.21135473251342773,,,,
32,8984,,0.03238174319267273,,,,
32,8989,,-0.004988578613847494,,,,
32,8994,,-0.03041764907538891,,,,
32,8999,,0.17254143953323364,,,,
32,9004,,0.11187314987182617,,,,
32,9009,,0.15075042843818665,,,,
32,9014,,0.3160315752029419,,,,
32,9019,,-0.47914355993270874,,,,
32,9024,,0.11630921065807343,,,,
32,9029,,-0.2500936686992645,,,,
32,9034,,-0.1080489233136177,,,,
32,9039,,0.28920072317123413,,,,
32,9044,,-0.04571972414851189,,,,
32,9049,,-0.037497378885746,,,,
32,9054,,0.20457559823989868,,,,
32,9059,,0.21425405144691467,,,,
32,9064,,0.43130749464035034,,,,
32,9069,,0.00949006900191307,,,,
32,9074,,0.020026540383696556,,,,
32,9079,,0.10670334845781326,,,,
32,9084,,-0.11611199378967285,,,,
32,9089,,-0.114491306245327,,,,
32,9094,,0.006208929233253002,,,,
32,9099,,-0.18205347657203674,,,,
32,9104,,0.07198933511972427,,,,
32,9109,,-0.09280231595039368,,,,
32,9114,,0.10602099448442459,,,,
32,9119,,0.3302827477455139,,,,
32,9124,,0.48075610399246216,,,,
32,9129,,0.014133283868432045,,,,
32,9134,,-0.10637462139129639,,,,
32,9139,,0.01214011013507843,,,,
32,9144,,0.25521206855773926,,,,
32,9149,,0.15078148245811462,,,,
32,9154,,0.17213638126850128,,,,
32,9159,,0.13704867660999298,,,,
32,9164,,-0.06359854340553284,,,,
32,9169,,0.21289291977882385,,,,
32,9174,,0.42702388763427734,,,,
32,9179,,-0.25613415241241455,,,,
32,9184,,0.054155267775058746,,,,
32,9189,,0.2128782570362091,,,,
32,9194,,0.0555579774081707,,,,
32,9199,,-0.07487429678440094,,,,
32,9204,,-0.05237508565187454,,,,
32,9209,,-0.04062936455011368,,,,
32,9214,,-0.19239956140518188,,,,
32,9219,,-0.0051232376135885715,,,,
32,9224,,0.20718947052955627,,,,
32,9229,,-0.06472662091255188,,,,
32,9234,,0.2932649552822113,,,,
32,9239,,0.010916911996901035,,,,
32,9239,,,1.1113975048065186,2.540029525756836,0.02243681065738201,4.159955978393555
32,9239,0.029134485870599747,,,,,
33,9244,,0.10585285723209381,,,,
33,9249,,-0.03530840203166008,,,,
33,9254,,0.34388548135757446,,,,
33,9259,,-0.2536688446998596,,,,
33,9264,,0.21794255077838898,,,,
33,9269,,0.21827052533626556,,,,
33,9274,,-0.06894324719905853,,,,
33,9279,,-0.1269228756427765,,,,
33,9284,,0.2055378258228302,,,,
33,9289,,0.10809388756752014,,,,
33,9294,,-0.3583235442638397,,,,
33,9299,,0.3116970658302307,,,,
33,9304,,-0.18326878547668457,,,,
33,9309,,0.12074637413024902,,,,
33,9314,,0.18741363286972046,,,,
33,9319,,0.1555917114019394,,,,
33,9324,,-0.031717751175165176,,,,
33,9329,,-0.09817327558994293,,,,
33,9334,,-0.01652688905596733,,,,
33,9339,,0.08996376395225525,,,,
33,9344,,0.36853212118148804,,,,
33,9349,,0.1376485824584961,,,,
33,9354,,-0.04645729437470436,,,,
33,9359,,0.035094816237688065,,,,
33,9364,,0.213443785905838,,,,
33,9369,,-0.059538498520851135,,,,
33,9374,,0.0355306975543499,,,,
33,9379,,0.11019913852214813,,,,
33,9384,,-0.1209355890750885,,,,
33,9389,,-0.28971683979034424,,,,
33,9394,,0.005115123465657234,,,,
33,9399,,-0.19888323545455933,,,,
33,9404,,0.13652242720127106,,,,
33,9409,,0.41226479411125183,,,,
33,9414,,0.29163485765457153,,,,
33,9419,,-0.00012528151273727417,,,,
33,9424,,0.0723036676645279,,,,
33,9429,,0.008181153796613216,,,,
33,9434,,0.14321203529834747,,,,
33,9439,,-0.08311176300048828,,,,
33,9444,,0.1304882913827896,,,,
33,9449,,0.05540979653596878,,,,
33,9454,,0.054927654564380646,,,,
33,9459,,-0.15279468894004822,,,,
33,9464,,-0.09780339896678925,,,,
33,9469,,-0.17912572622299194,,,,
33,9474,,0.019073467701673508,,,,
33,9479,,0.2807103097438812,,,,
33,9484,,-0.08734796941280365,,,,
33,9489,,0.01208470854908228,,,,
33,9494,,-0.24446165561676025,,,,
33,9499,,0.15423336625099182,,,,
33,9504,,0.2733767032623291,,,,
33,9509,,0.06429077684879303,,,,
33,9514,,0.37612542510032654,,,,
33,9519,,-0.18502351641654968,,,,
33,9519,,,1.1502418518066406,2.5529465675354004,0.12271218001842499,3.9609158039093018
33,9519,0.034567948430776596,,,,,
34,9524,,-0.04555702582001686,,,,
34,9529,,0.40639737248420715,,,,
34,9534,,0.027178427204489708,,,,
34,9539,,-0.107054203748703,,,,
34,9544,,-0.05352528765797615,,,,
34,9549,,0.009632216766476631,,,,
34,9554,,-0.2629430592060089,,,,
34,9559,,-0.08564189076423645,,,,
34,9564,,-0.30178242921829224,,,,
34,9569,,-0.08637098222970963,,,,
34,9574,,-0.2088664025068283,,,,
34,9579,,-0.034902460873126984,,,,
34,9584,,-0.07073855400085449,,,,
34,9589,,0.12550996243953705,,,,
34,9594,,-0.1375725120306015,,,,
34,9599,,0.10467414557933807,,,,
34,9604,,-0.027990242466330528,,,,
34,9609,,-0.0051754554733633995,,,,
34,9614,,0.14116518199443817,,,,
34,9619,,-0.2842058539390564,,,,
34,9624,,0.07596832513809204,,,,
34,9629,,0.13610507547855377,,,,
34,9634,,-0.06914670765399933,,,,
34,9639,,-0.16908599436283112,,,,
34,9644,,-0.05768980085849762,,,,
34,9649,,-0.2166125476360321,,,,
34,9654,,0.06841488927602768,,,,
34,9659,,-0.13105519115924835,,,,
34,9664,,0.0428188219666481,,,,
34,9669,,-0.041538137942552567,,,,
34,9674,,-0.14027348160743713,,,,
34,9679,,-0.015134656801819801,,,,
34,9684,,-0.1456144154071808,,,,
34,9689,,-0.16617810726165771,,,,
34,9694,,-0.04840981215238571,,,,
34,9699,,-0.08743953704833984,,,,
34,9704,,0.06838016211986542,,,,
34,9709,,0.09085102379322052,,,,
34,9714,,0.21802793443202972,,,,
34,9719,,0.14802314341068268,,,,
34,9724,,-0.12313983589410782,,,,
34,9729,,0.20450124144554138,,,,
34,9734,,0.06639678031206131,,,,
34,9739,,0.2722044289112091,,,,
34,9744,,0.0777093768119812,,,,
34,9749,,-0.09183762967586517,,,,
34,9754,,-0.10576172918081284,,,,
34,9759,,0.2144012749195099,,,,
34,9764,,0.14323410391807556,,,,
34,9769,,0.15848368406295776,,,,
34,9774,,-0.13548821210861206,,,,
34,9779,,0.26099666953086853,,,,
34,9784,,0.0785113200545311,,,,
34,9789,,-0.37923598289489746,,,,
34,9794,,0.130071222782135,,,,
34,9799,,0.5184870362281799,,,,
34,9799,,,1.0947535037994385,2.4666078090667725,0.003927443642169237,4.074182510375977
34,9799,0.02697090432047844,,,,,
35,9804,,0.34833014011383057,,,,
35,9809,,0.14541877806186676,,,,
35,9814,,0.07261605560779572,,,,
35,9819,,-0.2418917715549469,,,,
35,9824,,-0.2081163376569748,,,,
35,9829,,-0.05964718014001846,,,,
35,9834,,0.19318369030952454,,,,
35,9839,,0.10611338168382645,,,,
35,9844,,-0.22146497666835785,,,,
35,9849,,0.14748966693878174,,,,
35,9854,,-0.030379384756088257,,,,
35,9859,,0.3571324348449707,,,,
35,9864,,-0.09651212394237518,,,,
35,9869,,0.30797314643859863,,,,
35,9874,,0.01628146506845951,,,,
35,9879,,0.05411316081881523,,,,
35,9884,,-0.21952712535858154,,,,
35,9889,,0.11438831686973572,,,,
35,9894,,0.09397560358047485,,,,
35,9899,,-0.07846463471651077,,,,
35,9904,,0.20836284756660461,,,,
35,9909,,-0.0019752392545342445,,,,
35,9914,,-0.06783148646354675,,,,
35,9919,,0.038130491971969604,,,,
35,9924,,-0.2522274851799011,,,,
35,9929,,-0.024613961577415466,,,,
35,9934,,-0.211178719997406,,,,
35,9939,,-0.08038464188575745,,,,
35,9944,,-0.10783340036869049,,,,
35,9949,,-0.20982535183429718,,,,
35,9954,,0.19648215174674988,,,,
35,9959,,0.08180709183216095,,,,
35,9964,,-0.13383056223392487,,,,
35,9969,,-0.06857182085514069,,,,
35,9974,,-0.16718199849128723,,,,
35,9979,,0.16397888958454132,,,,
35,9984,,-0.1393778920173645,,,,
35,9989,,-0.043253593146800995,,,,
35,9994,,-0.1179756373167038,,,,
35,9999,,-0.033487290143966675,,,,
35,10004,,0.17582981288433075,,,,
35,10009,,0.34296664595603943,,,,
35,10014,,0.17057214677333832,,,,
35,10019,,-0.05693599581718445,,,,
35,10024,,-0.11773719638586044,,,,
35,10029,,-0.07118195295333862,,,,
35,10034,,-0.13289809226989746,,,,
35,10039,,-0.027979804202914238,,,,
35,10044,,-0.03178266063332558,,,,
35,10049,,-0.18506932258605957,,,,
35,10054,,-0.058670494705438614,,,,
35,10059,,0.10188977420330048,,,,
35,10064,,-0.25290536880493164,,,,
35,10069,,0.41284510493278503,,,,
35,10074,,-0.051599279046058655,,,,
35,10079,,-0.10322639346122742,,,,
35,10079,,,1.1425286531448364,2.5558581352233887,0.09520456939935684,3.8889834880828857
35,10079,0.03651002049446106,,,,,
36,10084,,-0.042173560708761215,,,,
36,10089,,-0.182368203997612,,,,
36,10094,,0.10388608276844025,,,,
36,10099,,-0.020606989040970802,,,,
36,10104,,0.1577301323413849,,,,
36,10109,,-0.07772532105445862,,,,
36,10114,,-0.07112875580787659,,,,
36,10119,,0.07273680716753006,,,,
36,10124,,-0.10107698291540146,,,,
36,10129,,0.1095050573348999,,,,
36,10134,,-0.13238747417926788,,,,
36,10139,,-0.017298143357038498,,,,
36,10144,,-0.0414036400616169,,,,
36,10149,,0.41764935851097107,,,,
36,10154,,0.20719990134239197,,,,
36,10159,,-0.049316033720970154,,,,
36,10164,,-0.2776182293891907,,,,
36,10169,,0.04029809311032295,,,,
36,10174,,0.10108110308647156,,,,
36,10179,,0.08327841758728027,,,,
36,10184,,0.004721811506897211,,,,
36,10189,,0.04828888550400734,,,,
36,10194,,-0.01732979528605938,,,,
36,10199,,-0.09464208781719208,,,,
36,10204,,-0.040729403495788574,,,,
36,10209,,0.20609723031520844,,,,
36,10214,,-0.0582265704870224,,,,
36,10219,,0.21078503131866455,,,,
36,10224,,-0.02557934634387493,,,,
36,10229,,0.08425907045602798,,,,
36,10234,,0.010842764750123024,,,,
36,10239,,-0.008808283135294914,,,,
36,10244,,0.12089210748672485,,,,
36,10249,,-0.09541749954223633,,,,
36,10254,,0.19493335485458374,,,,
36,10259,,0.17035354673862457,,,,
36,10264,,0.09312232583761215,,,,
36,10269,,0.33634722232818604,,,,
36,10274,,-0.12163694202899933,,,,
36,10279,,-0.04098900407552719,,,,
36,10284,,0.016329120844602585,,,,
36,10289,,-0.17662793397903442,,,,
36,10294,,0.0477781742811203,,,,
36,10299,,0.23154069483280182,,,,
36,10304,,-0.09750305116176605,,,,
36,10309,,0.21865470707416534,,,,
36,10314,,-0.03811095654964447,,,,
36,10319,,0.22771824896335602,,,,
36,10324,,0.26505589485168457,,,,
36,10329,,-0.04344206675887108,,,,
36,10334,,0.2255639284849167,,,,
36,10339,,0.23999831080436707,,,,
36,10344,,0.11537928879261017,,,,
36,10349,,-0.03881659731268883,,,,
36,10354,,0.20236212015151978,,,,
36,10359,,-0.016642600297927856,,,,
36,10359,,,1.1142452955245972,2.531805992126465,0.04267333820462227,3.9433083534240723
36,10359,0.0400882214307785,,,,,
37,10364,,0.16161119937896729,,,,
37,10369,,-0.21826821565628052,,,,
37,10374,,0.07468684017658234,,,,
37,10379,,0.09987549483776093,,,,
37,10384,,0.22447998821735382,,,,
37,10389,,0.17824634909629822,,,,
37,10394,,-0.10008680820465088,,,,
37,10399,,-0.07174985110759735,,,,
37,10404,,0.1625516712665558,,,,
37,10409,,0.1499992311000824,,,,
37,10414,,-0.013573471456766129,,,,
37,10419,,-0.18807189166545868,,,,
37,10424,,0.17739136517047882,,,,
37,10429,,0.05553470924496651,,,,
37,10434,,0.22088287770748138,,,,
37,10439,,0.1106952577829361,,,,
37,10444,,-0.07486065477132797,,,,
37,10449,,-0.03995130956172943,,,,
37,10454,,0.06683607399463654,,,,
37,10459,,-0.04897090792655945,,,,
37,10464,,0.1737622618675232,,,,
37,10469,,0.27715450525283813,,,,
37,10474,,-0.012954279780387878,,,,
37,10479,,0.025756094604730606,,,,
37,10484,,-0.0960196703672409,,,,
37,10489,,0.14749833941459656,,,,
37,10494,,0.18523088097572327,,,,
37,10499,,0.09700901806354523,,,,
37,10504,,0.35310474038124084,,,,
37,10509,,0.24900411069393158,,,,
37,10514,,0.3204299807548523,,,,
37,10519,,0.06102984398603439,,,,
37,10524,,0.17533087730407715,,,,
37,10529,,-0.07650624215602875,,,,
37,10534,,0.11897891014814377,,,,
37,10539,,0.02416783943772316,,,,
37,10544,,-0.08213125169277191,,,,
37,10549,,0.046146050095558167,,,,
37,10554,,0.06038130074739456,,,,
37,10559,,0.242344468832016,,,,
37,10564,,0.17992065846920013,,,,
37,10569,,0.11080930382013321,,,,
37,10574,,0.16356675326824188,,,,
37,10579,,0.24526211619377136,,,,
37,10584,,-0.14257262647151947,,,,
37,10589,,-0.18179231882095337,,,,
37,10594,,-0.07998527586460114,,,,
37,10599,,0.04794292524456978,,,,
37,10604,,-0.01025778241455555,,,,
37,10609,,-0.07403427362442017,,,,
37,10614,,0.15182891488075256,,,,
37,10619,,0.015049203298985958,,,,
37,10624,,0.1539851427078247,,,,
37,10629,,0.40336960554122925,,,,
37,10634,,0.0425746850669384,,,,
37,10639,,0.1534304916858673,,,,
37,10639,,,1.114272952079773,2.580373525619507,0.04236593842506409,3.899887800216675
37,10639,0.04648532345890999,,,,,
38,10644,,0.15717783570289612,,,,
38,10649,,-0.21002626419067383,,,,
38,10654,,-0.12775541841983795,,,,
38,10659,,-0.07635532319545746,,,,
38,10664,,-0.11287187039852142,,,,
38,10669,,0.488300621509552,,,,
38,10674,,-0.09157846868038177,,,,
38,10679,,0.06586061418056488,,,,
38,10684,,0.23683252930641174,,,,
38,10689,,-0.17714890837669373,,,,
38,10694,,0.16572168469429016,,,,
38,10699,,0.10881098359823227,,,,
38,10704,,0.3722299039363861,,,,
38,10709,,0.07057931274175644,,,,
38,10714,,0.04470111429691315,,,,
38,10719,,0.04170306771993637,,,,
38,10724,,-0.04429915174841881,,,,
38,10729,,-0.15331849455833435,,,,
38,10734,,0.13712437450885773,,,,
38,10739,,0.017119064927101135,,,,
38,10744,,0.36904221773147583,,,,
38,10749,,0.1321321427822113,,,,
38,10754,,-0.10599265992641449,,,,
38,10759,,-0.1031976044178009,,,,
38,10764,,-0.13156580924987793,,,,
38,10769,,0.10005467385053635,,,,
38,10774,,0.025885695591568947,,,,
38,10779,,-0.1178167313337326,,,,
38,10784,,0.144242525100708,,,,
38,10789,,0.057846799492836,,,,
38,10794,,-0.20423948764801025,,,,
38,10799,,0.10618111491203308,,,,
38,10804,,0.18236055970191956,,,,
38,10809,,0.18680784106254578,,,,
38,10814,,-0.10968629270792007,,,,
38,10819,,0.05177105590701103,,,,
38,10824,,0.16624906659126282,,,,
38,10829,,-0.14432406425476074,,,,
38,10834,,0.22451704740524292,,,,
38,10839,,0.4349941611289978,,,,
38,10844,,0.06300979107618332,,,,
38,10849,,-0.02774500846862793,,,,
38,10854,,0.31811174750328064,,,,
38,10859,,0.07109393924474716,,,,
38,10864,,0.024894502013921738,,,,
38,10869,,0.039773859083652496,,,,
38,10874,,-0.02020525000989437,,,,
38,10879,,0.10099268704652786,,,,
38,10884,,-0.018750863149762154,,,,
38,10889,,0.0991816371679306,,,,
38,10894,,-0.0192667618393898,,,,
38,10899,,0.18659202754497528,,,,
38,10904,,0.09245994687080383,,,,
38,10909,,-0.3705821931362152,,,,
38,10914,,-0.14588411152362823,,,,
38,10919,,0.06702843308448792,,,,
38,10919,,,1.0734326839447021,2.4141879081726074,-0.010264072567224503,3.784893035888672
38,10919,0.03457587584853172,,,,,
39,10924,,-0.04953894019126892,,,,
39,10929,,0.15433645248413086,,,,
39,10934,,-0.0032696910202503204,,,,
39,10939,,0.23097412288188934,,,,
39,10944,,-0.07980486005544662,,,,
39,10949,,-0.0882483720779419,,,,
39,10954,,0.07348507642745972,,,,
39,10959,,-0.13105596601963043,,,,
39,10964,,-0.05453167483210564,,,,
39,10969,,0.0734047144651413,,,,
39,10974,,-0.05060870945453644,,,,
39,10979,,0.09367024153470993,,,,
39,10984,,-0.16518761217594147,,,,
39,10989,,-0.026859477162361145,,,,
39,10994,,0.0648830235004425,,,,
39,10999,,-0.028364326804876328,,,,
39,11004,,-0.052195481956005096,,,,
39,11009,,-0.13471342623233795,,,,
39,11014,,0.011183620430529118,,,,
39,11019,,0.17534998059272766,,,,
39,11024,,0.17093661427497864,,,,
39,11029,,0.2050178349018097,,,,
39,11034,,0.03510820120573044,,,,
39,11039,,-0.06879817694425583,,,,
39,11044,,-0.18834194540977478,,,,
39,11049,,-0.05057613551616669,,,,
39,11054,,-0.003154011443257332,,,,
39,11059,,0.18815898895263672,,,,
39,11064,,-0.2956845164299011,,,,
39,11069,,0.02712470293045044,,,,
39,11074,,0.0831558033823967,,,,
39,11079,,0.07937781512737274,,,,
39,11084,,0.268174409866333,,,,
39,11089,,-0.1558677852153778,,,,
39,11094,,0.2826113700866699,,,,
39,11099,,-0.021057691425085068,,,,
39,11104,,0.30644476413726807,,,,
39,11109,,0.0011451197788119316,,,,
39,11114,,-0.10554774105548859,,,,
39,11119,,-0.10179048776626587,,,,
39,11124,,0.10630910098552704,,,,
39,11129,,0.07935270667076111,,,,
39,11134,,0.2079934924840927,,,,
39,11139,,-0.01608036458492279,,,,
39,11144,,-0.007265465334057808,,,,
39,11149,,0.12625698745250702,,,,
39,11154,,-0.008894302882254124,,,,
39,11159,,-0.10296332836151123,,,,
39,11164,,0.013498312793672085,,,,
39,11169,,-0.12220634520053864,,,,
39,11174,,-0.14194223284721375,,,,
39,11179,,0.2192710041999817,,,,
39,11184,,-0.20237533748149872,,,,
39,11189,,-0.14607864618301392,,,,
39,11194,,-0.13134273886680603,,,,
39,11199,,0.03503759950399399,,,,
39,11199,,,1.0694047212600708,2.4263041019439697,-0.005504052620381117,3.5301878452301025
39,11199,0.02770593762397766,,,,,
40,11204,,-0.019008347764611244,,,,
40,11209,,0.04453352093696594,,,,
40,11214,,-0.4138876497745514,,,,
40,11219,,-0.3300926983356476,,,,
40,11224,,-0.0012446530163288116,,,,
40,11229,,-0.02418648451566696,,,,
40,11234,,0.22376003861427307,,,,
40,11239,,-0.08402962237596512,,,,
40,11244,,0.20793649554252625,,,,
40,11249,,-0.03762431442737579,,,,
40,11254,,-0.21641036868095398,,,,
40,11259,,0.14068594574928284,,,,
40,11264,,-0.022567467764019966,,,,
40,11269,,0.08718744665384293,,,,
40,11274,,-0.08803416788578033,,,,
40,11279,,-0.09235911071300507,,,,
40,11284,,-0.10495202243328094,,,,
40,11289,,0.047022443264722824,,,,
40,11294,,-0.09062069654464722,,,,
40,11299,,-0.21868625283241272,,,,
40,11304,,-0.039611462503671646,,,,
40,11309,,0.06611361354589462,,,,
40,11314,,0.05932653695344925,,,,
40,11319,,-0.06558764725923538,,,,
40,11324,,0.0039253514260053635,,,,
40,11329,,0.34545180201530457,,,,
40,11334,,0.15680116415023804,,,,
40,11339,,0.045694317668676376,,,,
40,11344,,0.28566524386405945,,,,
40,11349,,-0.2202351838350296,,,,
40,11354,,-0.18025130033493042,,,,
40,11359,,-0.08716735988855362,,,,
40,11364,,0.4799441695213318,,,,
40,11369,,0.17309431731700897,,,,
40,11374,,0.13624083995819092,,,,
40,11379,,-0.0210844986140728,,,,
40,11384,,0.09301266074180603,,,,
40,11389,,-0.15177950263023376,,,,
40,11394,,0.20705345273017883,,,,
40,11399,,0.040605928748846054,,,,
40,11404,,-0.07918515801429749,,,,
40,11409,,-0.06325539201498032,,,,
40,11414,,0.3806883692741394,,,,
40,11419,,-0.09259331226348877,,,,
40,11424,,0.15282177925109863,,,,
40,11429,,-0.11590830981731415,,,,
40,11434,,-0.007799877785146236,,,,
40,11439,,0.013412851840257645,,,,
40,11444,,-0.34314483404159546,,,,
40,11449,,0.016798503696918488,,,,
40,11454,,0.016322840005159378,,,,
40,11459,,0.07763461023569107,,,,
40,11464,,0.3012807369232178,,,,
40,11469,,0.004594046622514725,,,,
40,11474,,0.18403366208076477,,,,
40,11479,,0.07493048906326294,,,,
40,11479,,,1.1008328199386597,2.4629592895507812,0.05514363572001457,3.7989022731781006
40,11479,0.03423600271344185,,,,,
41,11484,,-0.15078122913837433,,,,
41,11489,,-0.09392091631889343,,,,
41,11494,,-0.07142163068056107,,,,
41,11499,,-0.1275092214345932,,,,
41,11504,,-0.0036019543185830116,,,,
41,11509,,0.09661901742219925,,,,
41,11514,,-0.09135876595973969,,,,
41,11519,,-0.5334986448287964,,,,
41,11524,,0.17973873019218445,,,,
41,11529,,-0.20111286640167236,,,,
41,11534,,0.06780530512332916,,,,
41,11539,,0.164467453956604,,,,
41,11544,,0.05543769523501396,,,,
41,11549,,0.1498129963874817,,,,
41,11554,,-0.15443497896194458,,,,
41,11559,,0.05294479802250862,,,,
41,11564,,-0.06680335849523544,,,,
41,11569,,-0.11092782765626907,,,,
41,11574,,0.23598508536815643,,,,
41,11579,,0.35753172636032104,,,,
41,11584,,-0.4882580637931824,,,,
41,11589,,-0.02230643481016159,,,,
41,11594,,0.09007960557937622,,,,
41,11599,,0.1559462696313858,,,,
41,11604,,0.055106021463871,,,,
41,11609,,-0.0786380022764206,,,,
41,11614,,-0.09418485313653946,,,,
41,11619,,-0.10932017862796783,,,,
41,11624,,0.1354592889547348,,,,
41,11629,,-0.03752328082919121,,,,
41,11634,,0.13584159314632416,,,,
41,11639,,0.18256431818008423,,,,
41,11644,,0.2113303244113922,,,,
41,11649,,0.053506817668676376,,,,
41,11654,,0.004667535424232483,,,,
41,11659,,-0.10809344798326492,,,,
41,11664,,-0.2578982412815094,,,,
41,11669,,0.1041770651936531,,,,
41,11674,,0.023118475452065468,,,,
41,11679,,-0.08075308054685593,,,,
41,11684,,-0.09638744592666626,,,,
41,11689,,-0.01819588989019394,,,,
41,11694,,0.15912920236587524,,,,
41,11699,,0.029288865625858307,,,,
41,11704,,0.05820879340171814,,,,
41,11709,,0.1707155406475067,,,,
41,11714,,-0.0419788733124733,,,,
41,11719,,0.23467975854873657,,,,
41,11724,,0.18439853191375732,,,,
41,11729,,-0.4079749584197998,,,,
41,11734,,0.43212854862213135,,,,
41,11739,,-0.3162933886051178,,,,
41,11744,,0.06987669318914413,,,,
41,11749,,-0.017462607473134995,,,,
41,11754,,0.04025503993034363,,,,
41,11759,,-0.14573824405670166,,,,
41,11759,,,1.066837191581726,2.4125046730041504,-0.03615912050008774,3.5606706142425537
41,11759,0.011630996130406857,,,,,
42,11764,,0.09155558049678802,,,,
42,11769,,0.06983887404203415,,,,
42,11774,,-0.06562691926956177,,,,
42,11779,,-0.0299619622528553,,,,
42,11784,,-0.20989538729190826,,,,
42,11789,,-0.1632487028837204,,,,
42,11794,,-0.3403935432434082,,,,
42,11799,,-0.011871220543980598,,,,
42,11804,,0.1964009404182434,,,,
42,11809,,0.04843977838754654,,,,
42,11814,,-0.10292989015579224,,,,
42,11819,,0.23996445536613464,,,,
42,11824,,-0.07293936610221863,,,,
42,11829,,0.04739786684513092,,,,
42,11834,,0.16882672905921936,,,,
42,11839,,0.08747771382331848,,,,
42,11844,,0.2939649224281311,,,,
42,11849,,-0.023713387548923492,,,,
42,11854,,0.11865752935409546,,,,
42,11859,,0.3031085133552551,,,,
42,11864,,-0.05165775865316391,,,,
42,11869,,0.4137171506881714,,,,
42,11874,,0.16986724734306335,,,,
42,11879,,-0.22505004703998566,,,,
42,11884,,0.03264225274324417,,,,
42,11889,,0.05164748802781105,,,,
42,11894,,0.10988377034664154,,,,
42,11899,,0.1104152500629425,,,,
42,11904,,-0.027460407465696335,,,,
42,11909,,0.033308546990156174,,,,
42,11914,,0.035918328911066055,,,,
42,11919,,-0.1623227596282959,,,,
42,11924,,0.21786627173423767,,,,
42,11929,,-0.12485535442829132,,,,
42,11934,,-0.121530681848526,,,,
42,11939,,0.22519397735595703,,,,
42,11944,,0.03253467008471489,,,,
42,11949,,0.0006730584427714348,,,,
42,11954,,-0.09876075387001038,,,,
42,11959,,-0.006315962411463261,,,,
42,11964,,-0.09740129858255386,,,,
42,11969,,0.21249637007713318,,,,
42,11974,,0.17159003019332886,,,,
42,11979,,0.08459219336509705,,,,
42,11984,,-0.09682583063840866,,,,
42,11989,,0.16241255402565002,,,,
42,11994,,0.16024884581565857,,,,
42,11999,,-0.03968625143170357,,,,
42,12004,,-0.026185857132077217,,,,
42,12009,,0.2195739597082138,,,,
42,12014,,-0.045937515795230865,,,,
42,12019,,0.10667586326599121,,,,
42,12024,,0.0271435733884573,,,,
42,12029,,0.0471838004887104,,,,
42,12034,,0.0870782807469368,,,,
42,12039,,0.23323176801204681,,,,
42,12039,,,1.097774863243103,2.463273048400879,0.09307646751403809,3.6209936141967773
42,12039,0.03648298606276512,,,,,
43,12044,,-0.0014039445668458939,,,,
43,12049,,-0.15333855152130127,,,,
43,12054,,0.09350904077291489,,,,
43,12059,,-0.010151568800210953,,,,
43,12064,,0.263938844203949,,,,
43,12069,,0.08628323674201965,,,,
43,12074,,0.02119949273765087,,,,
43,12079,,0.12457489222288132,,,,
43,12084,,0.026726622134447098,,,,
43,12089,,-0.2841964662075043,,,,
43,12094,,0.2474149465560913,,,,
43,12099,,-0.06071927770972252,,,,
43,12104,,-0.038685813546180725,,,,
43,12109,,0.3799230456352234,,,,
43,12114,,0.3169761300086975,,,,
43,12119,,-0.014217336662113667,,,,
43,12124,,0.24966531991958618,,,,
43,12129,,0.015464743599295616,,,,
43,12134,,-0.12158160656690598,,,,
43,12139,,-0.13800984621047974,,,,
43,12144,,-0.21051275730133057,,,,
43,12149,,0.13024406135082245,,,,
43,12154,,-0.11256387829780579,,,,
43,12159,,-0.09033030271530151,,,,
43,12164,,0.13223323225975037,,,,
43,12169,,0.01623178832232952,,,,
43,12174,,-0.058371808379888535,,,,
43,12179,,0.34843388199806213,,,,
43,12184,,0.30130302906036377,,,,
43,12189,,0.33329254388809204,,,,
43,12194,,-0.06366822868585587,,,,
43,12199,,0.023631958290934563,,,,
43,12204,,-0.13215234875679016,,,,
43,12209,,-0.07235606014728546,,,,
43,12214,,0.0026549622416496277,,,,
43,12219,,0.15674762427806854,,,,
43,12224,,0.17898473143577576,,,,
43,12229,,-0.046262938529253006,,,,
43,12234,,-0.08578787744045258,,,,
43,12239,,0.08653242886066437,,,,
43,12244,,-0.45816195011138916,,,,
43,12249,,0.06287329643964767,,,,
43,12254,,-0.2055920958518982,,,,
43,12259,,0.07576723396778107,,,,
43,12264,,-0.13644680380821228,,,,
43,12269,,0.08771161735057831,,,,
43,12274,,0.1388445496559143,,,,
43,12279,,-0.043190211057662964,,,,
43,12284,,0.10984881222248077,,,,
43,12289,,-0.04436195641756058,,,,
43,12294,,0.05314226448535919,,,,
43,12299,,-0.13659048080444336,,,,
43,12304,,0.001438676379621029,,,,
43,12309,,0.13744181394577026,,,,
43,12314,,0.15724611282348633,,,,
43,12319,,-0.11946804821491241,,,,
43,12319,,,1.0777746438980103,2.4480185508728027,-0.023225054144859314,3.759719133377075
43,12319,0.029359709471464157,,,,,
44,12324,,0.20550039410591125,,,,
44,12329,,-0.05344995856285095,,,,
44,12334,,0.03293418884277344,,,,
44,12339,,-0.022221995517611504,,,,
44,12344,,0.0502280592918396,,,,
44,12349,,0.2824014127254486,,,,
44,12354,,0.18543405830860138,,,,
44,12359,,-0.5860412120819092,,,,
44,12364,,-0.003323058597743511,,,,
44,12369,,-0.019365258514881134,,,,
44,12374,,-0.04922178015112877,,,,
44,12379,,0.07407243549823761,,,,
44,12384,,-0.06505690515041351,,,,
44,12389,,-0.16875994205474854,,,,
44,12394,,0.05689423903822899,,,,
44,12399,,0.019779684022068977,,,,
44,12404,,-0.06869000196456909,,,,
44,12409,,0.06553005427122116,,,,
44,12414,,0.2571878433227539,,,,
44,12419,,0.07504823803901672,,,,
44,12424,,0.11932992935180664,,,,
44,12429,,0.1112620085477829,,,,
44,12434,,0.1835079789161682,,,,
44,12439,,0.42588573694229126,,,,
44,12444,,0.2216183841228485,,,,
44,12449,,-0.05756235495209694,,,,
44,12454,,0.09615667164325714,,,,
44,12459,,-0.05176542326807976,,,,
44,12464,,0.00016997940838336945,,,,
44,12469,,0.16193976998329163,,,,
44,12474,,0.1830984503030777,,,,
44,12479,,-0.17005334794521332,,,,
44,12484,,-0.07385807484388351,,,,
44,12489,,-0.21944336593151093,,,,
44,12494,,0.26098644733428955,,,,
44,12499,,-0.02567928656935692,,,,
44,12504,,0.14295101165771484,,,,
44,12509,,-0.104278564453125,,,,
44,12514,,-0.06856754422187805,,,,
44,12519,,0.11227279901504517,,,,
44,12524,,0.081232450902462,,,,
44,12529,,0.18403565883636475,,,,
44,12534,,-0.1418692022562027,,,,
44,12539,,0.04655624181032181,,,,
44,12544,,0.11384972929954529,,,,
44,12549,,-0.05059313029050827,,,,
44,12554,,-0.07785607129335403,,,,
44,12559,,-0.023655671626329422,,,,
44,12564,,-0.011835339479148388,,,,
44,12569,,0.06627499312162399,,,,
44,12574,,-0.062004461884498596,,,,
44,12579,,-0.08511965721845627,,,,
44,12584,,-0.30673933029174805,,,,
44,12589,,-0.11539104580879211,,,,
44,12594,,-0.12553955614566803,,,,
44,12599,,0.26443004608154297,,,,
44,12599,,,1.1340585947036743,2.5624144077301025,0.10313689708709717,3.9003610610961914
44,12599,0.016052665188908577,,,,,
45,12604,,-0.03833450376987457,,,,
45,12609,,-0.10192080587148666,,,,
45,12614,,-0.29815542697906494,,,,
45,12619,,0.15104961395263672,,,,
45,12624,,-0.09971456974744797,,,,
45,12629,,-0.28784844279289246,,,,
45,12634,,-0.011717958375811577,,,,
45,12639,,0.012714792042970657,,,,
45,12644,,-0.0810517817735672,,,,
45,12649,,0.05614432319998741,,,,
45,12654,,0.3048632740974426,,,,
45,12659,,0.04169197753071785,,,,
45,12664,,0.08545087277889252,,,,
45,12669,,-0.02149379253387451,,,,
45,12674,,0.026887912303209305,,,,
45,12679,,-0.37108975648880005,,,,
45,12684,,0.08227407187223434,,,,
45,12689,,0.05148715153336525,,,,
45,12694,,-0.15480369329452515,,,,
45,12699,,-0.0927431732416153,,,,
45,12704,,-0.07452314347028732,,,,
45,12709,,-0.052095476537942886,,,,
45,12714,,-0.0882369875907898,,,,
45,12719,,-0.037668585777282715,,,,
45,12724,,0.12077528238296509,,,,
45,12729,,0.2020471692085266,,,,
45,12734,,0.20095805823802948,,,,
45,12739,,-0.04357553645968437,,,,
45,12744,,-0.01526375487446785,,,,
45,12749,,0.11532936990261078,,,,
45,12754,,-0.25741952657699585,,,,
45,12759,,0.030841007828712463,,,,
45,12764,,-0.0024265460669994354,,,,
45,12769,,-0.14045041799545288,,,,
45,12774,,0.016330303624272346,,,,
45,12779,,-0.13747046887874603,,,,
45,12784,,0.10458089411258698,,,,
45,12789,,0.08269691467285156,,,,
45,12794,,-0.036175381392240524,,,,
45,12799,,0.15885329246520996,,,,
45,12804,,0.16905012726783752,,,,
45,12809,,0.06892150640487671,,,,
45,12814,,-0.14452499151229858,,,,
45,12819,,-0.263832151889801,,,,
45,12824,,-0.16169974207878113,,,,
45,12829,,-0.18148696422576904,,,,
45,12834,,-0.03619835898280144,,,,
45,12839,,-0.056245509535074234,,,,
45,12844,,0.05165139585733414,,,,
45,12849,,0.09470896422863007,,,,
45,12854,,-0.03269572556018829,,,,
45,12859,,0.11182627081871033,,,,
45,12864,,0.06548254936933517,,,,
45,12869,,0.050720829516649246,,,,
45,12874,,0.04027596116065979,,,,
45,12879,,0.1291419267654419,,,,
45,12879,,,1.0766329765319824,2.4434516429901123,-0.018745284527540207,3.8133816719055176
45,12879,0.01591021567583084,,,,,
46,12884,,-0.32692718505859375,,,,
46,12889,,-0.13808247447013855,,,,
46,12894,,0.12373390793800354,,,,
46,12899,,0.06906759738922119,,,,
46,12904,,-0.003703879192471504,,,,
46,12909,,-0.13422906398773193,,,,
46,12914,,0.20360025763511658,,,,
46,12919,,0.031400732696056366,,,,
46,12924,,0.2535841166973114,,,,
46,12929,,0.05210310220718384,,,,
46,12934,,-0.0411200225353241,,,,
46,12939,,0.09542902559041977,,,,
46,12944,,-0.12912282347679138,,,,
46,12949,,-0.027867183089256287,,,,
46,12954,,-0.13869315385818481,,,,
46,12959,,0.09519831836223602,,,,
46,12964,,0.2581244707107544,,,,
46,12969,,0.06409873813390732,,,,
46,12974,,-0.1462339162826538,,,,
46,12979,,-0.04384717345237732,,,,
46,12984,,-0.004165123216807842,,,,
46,12989,,0.1504414975643158,,,,
46,12994,,-0.16305691003799438,,,,
46,12999,,0.080839604139328,,,,
46,13004,,-0.03323591500520706,,,,
46,13009,,0.12863634526729584,,,,
46,13014,,0.017025161534547806,,,,
46,13019,,0.2512008547782898,,,,
46,13024,,0.12422829866409302,,,,
46,13029,,0.30284592509269714,,,,
46,13034,,0.28280922770500183,,,,
46,13039,,-0.04343138635158539,,,,
46,13044,,0.38848328590393066,,,,
46,13049,,0.15054255723953247,,,,
46,13054,,0.06561396270990372,,,,
46,13059,,0.01791553944349289,,,,
46,13064,,0.021421995013952255,,,,
46,13069,,0.012190443463623524,,,,
46,13074,,0.222267284989357,,,,
46,13079,,0.2722874581813812,,,,
46,13084,,0.2345626801252365,,,,
46,13089,,0.13815997540950775,,,,
46,13094,,0.04067958518862724,,,,
46,13099,,-0.20830750465393066,,,,
46,13104,,-0.34053605794906616,,,,
46,13109,,0.041295479983091354,,,,
46,13114,,0.14265978336334229,,,,
46,13119,,-0.05972818285226822,,,,
46,13124,,0.11361449956893921,,,,
46,13129,,-0.11976645886898041,,,,
46,13134,,-0.11940540373325348,,,,
46,13139,,-0.10954705625772476,,,,
46,13144,,0.024188265204429626,,,,
46,13149,,-0.06097756326198578,,,,
46,13154,,0.04124026000499725,,,,
46,13159,,-0.1426069587469101,,,,
46,13159,,,1.0742815732955933,2.418181896209717,-0.031167926266789436,3.656888961791992
46,13159,0.01634243130683899,,,,,
47,13164,,0.15876948833465576,,,,
47,13169,,0.16777893900871277,,,,
47,13174,,0.07812480628490448,,,,
47,13179,,0.05726473778486252,,,,
47,13184,,-0.05942407250404358,,,,
47,13189,,-0.1920890212059021,,,,
47,13194,,-0.1142931580543518,,,,
47,13199,,0.2901478409767151,,,,
47,13204,,-0.2650556266307831,,,,
47,13209,,0.2069178968667984,,,,
47,13214,,-0.0448634997010231,,,,
47,13219,,0.1162114217877388,,,,
47,13224,,-0.011001016944646835,,,,
47,13229,,0.17254799604415894,,,,
47,13234,,0.07377517968416214,,,,
47,13239,,0.048857010900974274,,,,
47,13244,,0.09078869223594666,,,,
47,13249,,0.12101051956415176,,,,
47,13254,,0.1298314332962036,,,,
47,13259,,0.10375137627124786,,,,
47,13264,,0.234638050198555,,,,
47,13269,,-0.00827585719525814,,,,
47,13274,,-0.04217742756009102,,,,
47,13279,,0.10823050886392593,,,,
47,13284,,-0.16055598855018616,,,,
47,13289,,-0.08804187178611755,,,,
47,13294,,0.06733942031860352,,,,
47,13299,,0.08211205154657364,,,,
47,13304,,-0.01715131662786007,,,,
47,13309,,0.09139658510684967,,,,
47,13314,,0.19366073608398438,,,,
47,13319,,-0.06534014642238617,,,,
47,13324,,0.04174421355128288,,,,
47,13329,,0.15507178008556366,,,,
47,13334,,-0.3723111152648926,,,,
47,13339,,0.28174328804016113,,,,
47,13344,,-0.3442206382751465,,,,
47,13349,,0.04787799343466759,,,,
47,13354,,0.2722644805908203,,,,
47,13359,,0.3138504922389984,,,,
47,13364,,0.0311147328466177,,,,
47,13369,,0.14358529448509216,,,,
47,13374,,0.12651486694812775,,,,
47,13379,,-0.26087385416030884,,,,
47,13384,,0.23392491042613983,,,,
47,13389,,0.05285395681858063,,,,
47,13394,,0.09312589466571808,,,,
47,13399,,-0.10849109292030334,,,,
47,13404,,0.1861332356929779,,,,
47,13409,,-0.06635056436061859,,,,
47,13414,,-0.16462665796279907,,,,
47,13419,,-0.18833193182945251,,,,
47,13424,,0.3142167329788208,,,,
47,13429,,-0.23222284018993378,,,,
47,13434,,0.033608391880989075,,,,
47,13439,,-0.41856178641319275,,,,
47,13439,,,1.0459381341934204,2.344712257385254,-0.07085622102022171,3.4872121810913086
47,13439,0.028418848291039467,,,,,
48,13444,,0.010929951444268227,,,,
48,13449,,-0.11417296528816223,,,,
48,13454,,-0.1587192416191101,,,,
48,13459,,-0.26068124175071716,,,,
48,13464,,-0.027737939730286598,,,,
48,13469,,-0.10499750822782516,,,,
48,13474,,-0.0471000075340271,,,,
48,13479,,-0.10562010109424591,,,,
48,13484,,-0.0538654550909996,,,,
48,13489,,-0.006716424599289894,,,,
48,13494,,-0.12124103307723999,,,,
48,13499,,0.09132009744644165,,,,
48,13504,,-0.014010947197675705,,,,
48,13509,,0.22828888893127441,,,,
48,13514,,-0.34253793954849243,,,,
48,13519,,-0.16210758686065674,,,,
48,13524,,-0.1170581579208374,,,,
48,13529,,0.1655672788619995,,,,
48,13534,,0.017735909670591354,,,,
48,13539,,0.015183884650468826,,,,
48,13544,,-0.07668003439903259,,,,
48,13549,,-0.40815865993499756,,,,
48,13554,,0.0850314274430275,,,,
48,13559,,-0.08453646302223206,,,,
48,13564,,0.006866774521768093,,,,
48,13569,,-0.4667034149169922,,,,
48,13574,,0.11136563122272491,,,,
48,13579,,-0.1614222228527069,,,,
48,13584,,0.0035268310457468033,,,,
48,13589,,0.02988581173121929,,,,
48,13594,,0.20460374653339386,,,,
48,13599,,-0.26278001070022583,,,,
48,13604,,0.0543854758143425,,,,
48,13609,,0.05901496484875679,,,,
48,13614,,0.1568434238433838,,,,
48,13619,,-0.2313992828130722,,,,
48,13624,,0.0106493029743433,,,,
48,13629,,0.2590446472167969,,,,
48,13634,,0.003477230668067932,,,,
48,13639,,-0.35186320543289185,,,,
48,13644,,-0.050362445414066315,,,,
48,13649,,0.2591175138950348,,,,
48,13654,,0.1651778519153595,,,,
48,13659,,-0.42218151688575745,,,,
48,13664,,0.07502420991659164,,,,
48,13669,,0.2642309069633484,,,,
48,13674,,0.03556469455361366,,,,
48,13679,,0.32093316316604614,,,,
48,13684,,-0.03790554031729698,,,,
48,13689,,0.22682124376296997,,,,
48,13694,,0.3025025725364685,,,,
48,13699,,0.022572334855794907,,,,
48,13704,,0.31266120076179504,,,,
48,13709,,0.19910193979740143,,,,
48,13714,,0.1277686059474945,,,,
48,13719,,0.1882169544696808,,,,
48,13719,,,1.0904018878936768,2.4081876277923584,0.11370466649532318,3.785828113555908
48,13719,0.015624231658875942,,,,,
49,13724,,0.03358539193868637,,,,
49,13729,,0.12958860397338867,,,,
49,13734,,-0.07721378654241562,,,,
49,13739,,0.04839571565389633,,,,
49,13744,,0.27760541439056396,,,,
49,13749,,-0.12217629700899124,,,,
49,13754,,-0.25189563632011414,,,,
49,13759,,0.06478121876716614,,,,
49,13764,,0.29862862825393677,,,,
49,13769,,0.0706891342997551,,,,
49,13774,,0.18311497569084167,,,,
49,13779,,-0.08656159788370132,,,,
49,13784,,-0.07803768664598465,,,,
49,13789,,-0.165086030960083,,,,
49,13794,,-0.1899028867483139,,,,
49,13799,,-0.14129386842250824,,,,
49,13804,,0.12609843909740448,,,,
49,13809,,0.04292731359601021,,,,
49,13814,,0.2465091049671173,,,,
49,13819,,0.08862154930830002,,,,
49,13824,,0.3222985863685608,,,,
49,13829,,0.30437171459198,,,,
49,13834,,-0.16839762032032013,,,,
49,13839,,-0.1285323202610016,,,,
49,13844,,-0.02539496123790741,,,,
49,13849,,-0.026662370190024376,,,,
49,13854,,0.198710635304451,,,,
49,13859,,0.11397404968738556,,,,
49,13864,,0.03244883194565773,,,,
49,13869,,-0.1819639950990677,,,,
49,13874,,0.3003122806549072,,,,
49,13879,,0.01663171872496605,,,,
49,13884,,0.04087347537279129,,,,
49,13889,,0.13604950904846191,,,,
49,13894,,-0.1258435845375061,,,,
49,13899,,-0.06758316606283188,,,,
49,13904,,0.09319843351840973,,,,
49,13909,,0.10094458609819412,,,,
49,13914,,0.0446857251226902,,,,
49,13919,,0.10525525361299515,,,,
49,13924,,-0.12782233953475952,,,,
49,13929,,0.005416736006736755,,,,
49,13934,,-0.1732260286808014,,,,
49,13939,,0.12290003150701523,,,,
49,13944,,-0.04663119465112686,,,,
49,13949,,0.010059375315904617,,,,
49,13954,,0.013027071952819824,,,,
49,13959,,0.15798401832580566,,,,
49,13964,,-0.019946955144405365,,,,
49,13969,,0.2660447359085083,,,,
49,13974,,-0.1266794502735138,,,,
49,13979,,0.09368301928043365,,,,
49,13984,,-0.1158590242266655,,,,
49,13989,,0.1182824969291687,,,,
49,13994,,-0.08557383716106415,,,,
49,13999,,-0.29456228017807007,,,,
49,13999,,,1.1436641216278076,2.6235415935516357,-0.009432532824575901,4.143936634063721
49,13999,0.0326903834939003,,,,,
50,14004,,-0.17465832829475403,,,,
50,14009,,-0.1462310552597046,,,,
50,14014,,0.11929768323898315,,,,
50,14019,,-0.04367396980524063,,,,
50,14024,,0.36332422494888306,,,,
50,14029,,0.018520422279834747,,,,
50,14034,,-0.1440650224685669,,,,
50,14039,,0.2755551040172577,,,,
50,14044,,0.1587487757205963,,,,
50,14049,,0.036097511649131775,,,,
50,14054,,0.43908774852752686,,,,
50,14059,,0.14865067601203918,,,,
50,14064,,0.37259697914123535,,,,
50,14069,,-0.13113707304000854,,,,
50,14074,,-0.11353348940610886,,,,
50,14079,,0.13607823848724365,,,,
50,14084,,-0.342246413230896,,,,
50,14089,,-0.5518772602081299,,,,
50,14094,,-0.10664357244968414,,,,
50,14099,,-0.19217729568481445,,,,
50,14104,,0.0548672154545784,,,,
50,14109,,-0.008992672897875309,,,,
50,14114,,-0.24145713448524475,,,,
50,14119,,-0.5393171310424805,,,,
50,14124,,-0.15270918607711792,,,,
50,14129,,-0.057402051985263824,,,,
50,14134,,0.24221587181091309,,,,
50,14139,,-0.20032647252082825,,,,
50,14144,,-0.06501033157110214,,,,
50,14149,,-0.020924273878335953,,,,
50,14154,,0.3297783136367798,,,,
50,14159,,0.3797782063484192,,,,
50,14164,,0.13612543046474457,,,,
50,14169,,0.23726624250411987,,,,
50,14174,,-0.13941766321659088,,,,
50,14179,,0.12782882153987885,,,,
50,14184,,0.26268166303634644,,,,
50,14189,,0.01482468657195568,,,,
50,14194,,0.14105373620986938,,,,
50,14199,,0.013847298920154572,,,,
50,14204,,-0.16989433765411377,,,,
50,14209,,-0.014473403804004192,,,,
50,14214,,-0.09431475400924683,,,,
50,14219,,0.16185927391052246,,,,
50,14224,,-0.03454603999853134,,,,
50,14229,,0.14999160170555115,,,,
50,14234,,0.023348461836576462,,,,
50,14239,,-0.2941175103187561,,,,
50,14244,,0.0532282292842865,,,,
50,14249,,0.4226917028427124,,,,
50,14254,,0.08111745119094849,,,,
50,14259,,-0.1485673487186432,,,,
50,14264,,-0.21730834245681763,,,,
50,14269,,-0.024230442941188812,,,,
50,14274,,0.37895214557647705,,,,
50,14279,,0.056463196873664856,,,,
50,14279,,,1.0920809507369995,2.462677478790283,0.040882181376218796,3.5278825759887695
50,14279,0.028753012418746948,,,,,
51,14284,,0.13115042448043823,,,,
51,14289,,0.09926240146160126,,,,
51,14294,,-0.06884457170963287,,,,
51,14299,,-0.16804814338684082,,,,
51,14304,,0.07963016629219055,,,,
51,14309,,0.30589914321899414,,,,
51,14314,,0.17295953631401062,,,,
51,14319,,-0.2524101734161377,,,,
51,14324,,-0.0784301906824112,,,,
51,14329,,-0.14646366238594055,,,,
51,14334,,0.2126048505306244,,,,
51,14339,,0.20984411239624023,,,,
51,14344,,0.22161903977394104,,,,
51,14349,,-0.06645512580871582,,,,
51,14354,,0.06131981313228607,,,,
51,14359,,0.2690959870815277,,,,
51,14364,,-0.04395999386906624,,,,
51,14369,,-0.12122808396816254,,,,
51,14374,,0.09053143113851547,,,,
51,14379,,-0.023218832910060883,,,,
51,14384,,-0.026626983657479286,,,,
51,14389,,-0.12414973229169846,,,,
51,14394,,0.14196240901947021,,,,
51,14399,,0.02861683815717697,,,,
51,14404,,-0.0948355495929718,,,,
51,14409,,-0.0779576227068901,,,,
51,14414,,0.09665998816490173,,,,
51,14419,,-0.1077229231595993,,,,
51,14424,,0.13212020695209503,,,,
51,14429,,-0.1435461938381195,,,,
51,14434,,-0.051262423396110535,,,,
51,14439,,0.03405580669641495,,,,
51,14444,,-0.03372824937105179,,,,
51,14449,,0.09360045194625854,,,,
51,14454,,0.16046512126922607,,,,
51,14459,,-0.00544904638081789,,,,
51,14464,,0.15428128838539124,,,,
51,14469,,0.10021468997001648,,,,
51,14474,,0.24860024452209473,,,,
51,14479,,-0.06525745987892151,,,,
51,14484,,0.12041907757520676,,,,
51,14489,,-0.29709574580192566,,,,
51,14494,,0.07611547410488129,,,,
51,14499,,0.12097924947738647,,,,
51,14504,,0.0665626972913742,,,,
51,14509,,-0.18169552087783813,,,,
51,14514,,-0.07194748520851135,,,,
51,14519,,-0.2528568208217621,,,,
51,14524,,0.19775548577308655,,,,
51,14529,,0.35755664110183716,,,,
51,14534,,-0.21246322989463806,,,,
51,14539,,-0.2915722727775574,,,,
51,14544,,-0.032479580491781235,,,,
51,14549,,0.11957478523254395,,,,
51,14554,,0.026712004095315933,,,,
51,14559,,0.04242701828479767,,,,
51,14559,,,1.0947693586349487,2.4410722255706787,0.04568846523761749,3.6815240383148193
51,14559,0.022752651944756508,,,,,
52,14564,,0.2149064838886261,,,,
52,14569,,-0.28206560015678406,,,,
52,14574,,-0.02771378681063652,,,,
52,14579,,0.13578492403030396,,,,
52,14584,,-0.029901212081313133,,,,
52,14589,,-0.3685935139656067,,,,
52,14594,,-0.2185463011264801,,,,
52,14599,,0.15666192770004272,,,,
52,14604,,0.21885764598846436,,,,
52,14609,,0.28201502561569214,,,,
52,14614,,0.24725639820098877,,,,
52,14619,,0.26112794876098633,,,,
52,14624,,-0.008820378221571445,,,,
52,14629,,-0.3352741599082947,,,,
52,14634,,0.11833705008029938,,,,
52,14639,,-0.03193381056189537,,,,
52,14644,,0.05764801800251007,,,,
52,14649,,-0.026795394718647003,,,,
52,14654,,-0.20703370869159698,,,,
52,14659,,-0.21817772090435028,,,,
52,14664,,-0.02803027257323265,,,,
52,14669,,0.13065926730632782,,,,
52,14674,,0.12740765511989594,,,,
52,14679,,-0.1243918165564537,,,,
52,14684,,-0.07436425983905792,,,,
52,14689,,-0.2110905796289444,,,,
52,14694,,0.15082137286663055,,,,
52,14699,,0.13583149015903473,,,,
52,14704,,-0.0676184892654419,,,,
52,14709,,0.04055202752351761,,,,
52,14714,,-0.21245700120925903,,,,
52,14719,,0.14278388023376465,,,,
52,14724,,-0.15627211332321167,,,,
52,14729,,-0.11621768027544022,,,,
52,14734,,0.05159621685743332,,,,
52,14739,,-0.3471735119819641,,,,
52,14744,,-0.0940522700548172,,,,
52,14749,,-0.004372050520032644,,,,
52,14754,,0.2765164375305176,,,,
52,14759,,-0.13604559004306793,,,,
52,14764,,0.04407109320163727,,,,
52,14769,,0.10211421549320221,,,,
52,14774,,0.07241249829530716,,,,
52,14779,,0.17749473452568054,,,,
52,14784,,0.022229325026273727,,,,
52,14789,,0.254915714263916,,,,
52,14794,,0.14389753341674805,,,,
52,14799,,-0.04439583048224449,,,,
52,14804,,-0.056122392416000366,,,,
52,14809,,0.16515758633613586,,,,
52,14814,,-0.02802606113255024,,,,
52,14819,,0.0664212703704834,,,,
52,14824,,0.3711296617984772,,,,
52,14829,,-0.067777119576931,,,,
52,14834,,-0.04292282089591026,,,,
52,14839,,-0.09732900559902191,,,,
52,14839,,,1.090868592262268,2.4514100551605225,-0.0049220118671655655,3.8028154373168945
52,14839,0.0188165083527565,,,,,
53,14844,,0.0993102639913559,,,,
53,14849,,0.01158584002405405,,,,
53,14854,,0.07073250412940979,,,,
53,14859,,-0.12928813695907593,,,,
53,14864,,0.08439581096172333,,,,
53,14869,,-0.04486849159002304,,,,
53,14874,,-0.06657939404249191,,,,
53,14879,,-0.014954894781112671,,,,
53,14884,,-0.12165417522192001,,,,
53,14889,,0.21142509579658508,,,,
53,14894,,-0.25341033935546875,,,,
53,14899,,0.33489277958869934,,,,
53,14904,,0.2561163008213043,,,,
53,14909,,0.11961531639099121,,,,
53,14914,,0.031349390745162964,,,,
53,14919,,0.18685710430145264,,,,
53,14924,,-0.07557260245084763,,,,
53,14929,,-0.02820540964603424,,,,
53,14934,,0.07329916208982468,,,,
53,14939,,-0.030875181779265404,,,,
53,14944,,-0.005105430260300636,,,,
53,14949,,-0.10864701867103577,,,,
53,14954,,0.2719202935695648,,,,
53,14959,,0.14189037680625916,,,,
53,14964,,0.13569200038909912,,,,
53,14969,,-0.12264123558998108,,,,
53,14974,,0.18905025720596313,,,,
53,14979,,-0.14498542249202728,,,,
53,14984,,-0.14324551820755005,,,,
53,14989,,-0.045556142926216125,,,,
53,14994,,0.049636438488960266,,,,
53,14999,,0.08473839610815048,,,,
53,15004,,-0.14253821969032288,,,,
53,15009,,0.1639786660671234,,,,
53,15014,,-0.032080672681331635,,,,
53,15019,,-0.010621532797813416,,,,
53,15024,,0.0846453383564949,,,,
53,15029,,-0.09143225848674774,,,,
53,15034,,-0.06970860809087753,,,,
53,15039,,-0.04585719853639603,,,,
53,15044,,-0.17996016144752502,,,,
53,15049,,-0.09838715195655823,,,,
53,15054,,0.015217011794447899,,,,
53,15059,,-0.025739531964063644,,,,
53,15064,,0.1900312304496765,,,,
53,15069,,0.28079918026924133,,,,
53,15074,,0.03615163639187813,,,,
53,15079,,0.005554042756557465,,,,
53,15084,,-0.04032550007104874,,,,
53,15089,,-0.0381694957613945,,,,
53,15094,,-0.03558756411075592,,,,
53,15099,,-0.12163306772708893,,,,
53,15104,,0.10352085530757904,,,,
53,15109,,0.08358924835920334,,,,
53,15114,,0.329030841588974,,,,
53,15119,,-0.1062769964337349,,,,
53,15119,,,1.1675999164581299,2.7294960021972656,0.03943326696753502,4.060534477233887
53,15119,0.029604893177747726,,,,,
54,15124,,0.17483344674110413,,,,
54,15129,,-0.07375872880220413,,,,
54,15134,,-0.11432305723428726,,,,
54,15139,,0.351365327835083,,,,
54,15144,,0.1460263431072235,,,,
54,15149,,0.26350903511047363,,,,
54,15154,,0.015419835224747658,,,,
54,15159,,-0.09842637926340103,,,,
54,15164,,0.23499441146850586,,,,
54,15169,,0.1854344606399536,,,,
54,15174,,-0.18079987168312073,,,,
54,15179,,0.13938717544078827,,,,
54,15184,,-0.1713024079799652,,,,
54,15189,,-0.0740915834903717,,,,
54,15194,,-0.009305961430072784,,,,
54,15199,,-0.23386125266551971,,,,
54,15204,,0.29550808668136597,,,,
54,15209,,-0.2363269031047821,,,,
54,15214,,0.12075749039649963,,,,
54,15219,,0.09610909223556519,,,,
54,15224,,0.08549652248620987,,,,
54,15229,,0.11309058219194412,,,,
54,15234,,0.004838618449866772,,,,
54,15239,,0.2254224717617035,,,,
54,15244,,-0.1587527096271515,,,,
54,15249,,-0.2623879909515381,,,,
54,15254,,0.06064917892217636,,,,
54,15259,,0.1280680149793625,,,,
54,15264,,0.04731985554099083,,,,
54,15269,,0.08701158314943314,,,,
54,15274,,0.029822804033756256,,,,
54,15279,,-0.46081238985061646,,,,
54,15284,,-0.07973647117614746,,,,
54,15289,,0.1394306868314743,,,,
54,15294,,-0.08156411349773407,,,,
54,15299,,-0.07264356315135956,,,,
54,15304,,-0.011811589822173119,,,,
54,15309,,-0.21373067796230316,,,,
54,15314,,0.0037857424467802048,,,,
54,15319,,0.23462286591529846,,,,
54,15324,,0.1276337206363678,,,,
54,15329,,-0.18179087340831757,,,,
54,15334,,0.05288016051054001,,,,
54,15339,,-0.1912681609392166,,,,
54,15344,,-0.25793546438217163,,,,
54,15349,,0.07532685995101929,,,,
54,15354,,0.1098833978176117,,,,
54,15359,,0.014081420376896858,,,,
54,15364,,-0.4533030390739441,,,,
54,15369,,-0.11144649982452393,,,,
54,15374,,0.09896178543567657,,,,
54,15379,,0.0665176510810852,,,,
54,15384,,-0.27640387415885925,,,,
54,15389,,-0.02282830886542797,,,,
54,15394,,0.18563775718212128,,,,
54,15399,,0.0004771668463945389,,,,
54,15399,,,1.125638723373413,2.5782668590545654,0.03993052989244461,4.016856670379639
54,15399,0.016321085393428802,,,,,
55,15404,,0.1836986243724823,,,,
55,15409,,-0.0775497630238533,,,,
55,15414,,0.04843262955546379,,,,
55,15419,,-0.03759011998772621,,,,
55,15424,,-0.05196867138147354,,,,
55,15429,,-0.05461721867322922,,,,
55,15434,,-0.012687910348176956,,,,
55,15439,,0.06746073812246323,,,,
55,15444,,0.1346684992313385,,,,
55,15449,,0.20222021639347076,,,,
55,15454,,0.036958031356334686,,,,
55,15459,,0.14464303851127625,,,,
55,15464,,-0.0758003517985344,,,,
55,15469,,-0.10114554315805435,,,,
55,15474,,-0.029630156233906746,,,,
55,15479,,0.1443706452846527,,,,
55,15484,,-0.042899034917354584,,,,
55,15489,,0.05944599211215973,,,,
55,15494,,-0.2364519089460373,,,,
55,15499,,0.0444951206445694,,,,
55,15504,,0.11158019304275513,,,,
55,15509,,0.187266543507576,,,,
55,15514,,0.04865795373916626,,,,
55,15519,,0.011926207691431046,,,,
55,15524,,-0.034019842743873596,,,,
55,15529,,-0.04961229860782623,,,,
55,15534,,0.06721998006105423,,,,
55,15539,,-0.0979493260383606,,,,
55,15544,,-0.18042263388633728,,,,
55,15549,,0.030045248568058014,,,,
55,15554,,-0.5706015825271606,,,,
55,15559,,-0.046301014721393585,,,,
55,15564,,-0.12814143300056458,,,,
55,15569,,0.20619475841522217,,,,
55,15574,,-0.14867427945137024,,,,
55,15579,,-0.041973914951086044,,,,
55,15584,,0.00894993543624878,,,,
55,15589,,-0.2133496105670929,,,,
55,15594,,-0.1337226927280426,,,,
55,15599,,0.00978296808898449,,,,
55,15604,,0.17053918540477753,,,,
55,15609,,-0.12319476902484894,,,,
55,15614,,1.7685815691947937e-06,,,,
55,15619,,0.23930329084396362,,,,
55,15624,,0.023536991328001022,,,,
55,15629,,0.30148470401763916,,,,
55,15634,,-0.158573180437088,,,,
55,15639,,0.1413101702928543,,,,
55,15644,,0.05866796523332596,,,,
55,15649,,-0.04398270696401596,,,,
55,15654,,0.16399425268173218,,,,
55,15659,,0.10298743844032288,,,,
55,15664,,0.06990118324756622,,,,
55,15669,,-0.1494099497795105,,,,
55,15674,,-0.07013409584760666,,,,
55,15679,,-0.07237499952316284,,,,
55,15679,,,1.0625189542770386,2.386861801147461,0.0023965758737176657,3.6841299533843994
55,15679,0.003265140112489462,,,,,
56,15684,,0.002150408923625946,,,,
56,15689,,-0.25788694620132446,,,,
56,15694,,-0.15371012687683105,,,,
56,15699,,-0.2868209481239319,,,,
56,15704,,0.06558847427368164,,,,
56,15709,,-0.006798975169658661,,,,
56,15714,,0.12114907056093216,,,,
56,15719,,-0.2343374788761139,,,,
56,15724,,0.2190253734588623,,,,
56,15729,,0.08112382143735886,,,,
56,15734,,0.021603329107165337,,,,
56,15739,,-0.0018828101456165314,,,,
56,15744,,-0.22662273049354553,,,,
56,15749,,0.14317888021469116,,,,
56,15754,,-0.16810694336891174,,,,
56,15759,,0.14118796586990356,,,,
56,15764,,0.09804510325193405,,,,
56,15769,,-0.14220523834228516,,,,
56,15774,,0.20597612857818604,,,,
56,15779,,-0.14982518553733826,,,,
56,15784,,-0.12035508453845978,,,,
56,15789,,0.008367571979761124,,,,
56,15794,,0.08177180588245392,,,,
56,15799,,-0.09694311022758484,,,,
56,15804,,-0.2758370637893677,,,,
56,15809,,0.12167960405349731,,,,
56,15814,,-0.16735988855361938,,,,
56,15819,,0.04165411368012428,,,,
56,15824,,-0.20396548509597778,,,,
56,15829,,-0.23239266872406006,,,,
56,15834,,-0.10125686228275299,,,,
56,15839,,0.016133587807416916,,,,
56,15844,,-0.10330323874950409,,,,
56,15849,,-0.10224060714244843,,,,
56,15854,,-0.0244425218552351,,,,
56,15859,,0.17511940002441406,,,,
56,15864,,-0.059727057814598083,,,,
56,15869,,0.14426307380199432,,,,
56,15874,,0.1955859661102295,,,,
56,15879,,0.011397179216146469,,,,
56,15884,,0.14166897535324097,,,,
56,15889,,0.10610251128673553,,,,
56,15894,,-0.04365983232855797,,,,
56,15899,,-0.0545620396733284,,,,
56,15904,,0.022011959925293922,,,,
56,15909,,-0.011717377230525017,,,,
56,15914,,-0.28434425592422485,,,,
56,15919,,-0.059087470173835754,,,,
56,15924,,-0.25060606002807617,,,,
56,15929,,0.11348184943199158,,,,
56,15934,,0.12289081513881683,,,,
56,15939,,-0.2243511974811554,,,,
56,15944,,-0.11348510533571243,,,,
56,15949,,-0.014355137944221497,,,,
56,15954,,-0.030037786811590195,,,,
56,15959,,0.27782344818115234,,,,
56,15959,,,1.1160145998001099,2.5861263275146484,0.012698642909526825,4.113821029663086
56,15959,0.006944303400814533,,,,,
57,15964,,0.02569020725786686,,,,
57,15969,,-0.2364719808101654,,,,
57,15974,,0.0023604165762662888,,,,
57,15979,,0.22478845715522766,,,,
57,15984,,-0.06847082078456879,,,,
57,15989,,0.11457155644893646,,,,
57,15994,,0.20819023251533508,,,,
57,15999,,0.13081638514995575,,,,
57,16004,,0.023688023909926414,,,,
57,16009,,0.0015226379036903381,,,,
57,16014,,0.15029868483543396,,,,
57,16019,,-0.07584071159362793,,,,
57,16024,,-0.23821577429771423,,,,
57,16029,,-0.39730238914489746,,,,
57,16034,,0.030097726732492447,,,,
57,16039,,-0.13862304389476776,,,,
57,16044,,0.02315003238618374,,,,
57,16049,,0.09015409648418427,,,,
57,16054,,0.05797256901860237,,,,
57,16059,,-0.18416428565979004,,,,
57,16064,,0.06932689994573593,,,,
57,16069,,-0.02450796216726303,,,,
57,16074,,0.026425931602716446,,,,
57,16079,,0.2904769480228424,,,,
57,16084,,0.1057165339589119,,,,
57,16089,,0.14326882362365723,,,,
57,16094,,0.12007023394107819,,,,
57,16099,,0.12128403782844543,,,,
57,16104,,0.23750349879264832,,,,
57,16109,,0.37201738357543945,,,,
57,16114,,0.19130054116249084,,,,
57,16119,,-0.22837111353874207,,,,
57,16124,,-0.1961585134267807,,,,
57,16129,,-0.05099945142865181,,,,
57,16134,,0.039682984352111816,,,,
57,16139,,0.1854122430086136,,,,
57,16144,,0.10433429479598999,,,,
57,16149,,0.19591522216796875,,,,
57,16154,,0.11351722478866577,,,,
57,16159,,0.25137707591056824,,,,
57,16164,,-0.0033351387828588486,,,,
57,16169,,0.06573087722063065,,,,
57,16174,,-0.0923469066619873,,,,
57,16179,,0.06325975060462952,,,,
57,16184,,-0.1392063945531845,,,,
57,16189,,0.15690845251083374,,,,
57,16194,,0.1722729206085205,,,,
57,16199,,0.04977194219827652,,,,
57,16204,,0.13079608976840973,,,,
57,16209,,-0.21758148074150085,,,,
57,16214,,-0.058165617287158966,,,,
57,16219,,-0.10334599018096924,,,,
57,16224,,0.18328975141048431,,,,
57,16229,,-0.09732149541378021,,,,
57,16234,,0.10198171436786652,,,,
57,16239,,-0.11884073913097382,,,,
57,16239,,,1.123777151107788,2.5400073528289795,0.05838361755013466,3.9255874156951904
57,16239,0.028530016541481018,,,,,
58,16244,,0.15600672364234924,,,,
58,16249,,0.030551601201295853,,,,
58,16254,,-0.11056588590145111,,,,
58,16259,,-0.06115177646279335,,,,
58,16264,,0.057430192828178406,,,,
58,16269,,0.05044972151517868,,,,
58,16274,,0.07161343097686768,,,,
58,16279,,-0.2398882657289505,,,,
58,16284,,0.20938581228256226,,,,
58,16289,,0.00535157322883606,,,,
58,16294,,-0.13147170841693878,,,,
58,16299,,-0.06806956976652145,,,,
58,16304,,-0.021713001653552055,,,,
58,16309,,0.22145679593086243,,,,
58,16314,,-0.3262609541416168,,,,
58,16319,,-0.22817741334438324,,,,
58,16324,,-0.03186111897230148,,,,
58,16329,,-0.03143401816487312,,,,
58,16334,,0.24045424163341522,,,,
58,16339,,-0.06179128587245941,,,,
58,16344,,0.08944150805473328,,,,
58,16349,,0.18878303468227386,,,,
58,16354,,0.12118839472532272,,,,
58,16359,,-0.09581977874040604,,,,
58,16364,,-0.10692242532968521,,,,
58,16369,,-0.010167483240365982,,,,
58,16374,,0.04792550951242447,,,,
58,16379,,0.0016893744468688965,,,,
58,16384,,0.011330997571349144,,,,
58,16389,,0.32219815254211426,,,,
58,16394,,-0.002844441682100296,,,,
58,16399,,-0.0051049585454165936,,,,
58,16404,,0.14196984469890594,,,,
58,16409,,0.1575613021850586,,,,
58,16414,,0.04345996677875519,,,,
58,16419,,0.15858367085456848,,,,
58,16424,,0.010481316596269608,,,,
58,16429,,0.04729890450835228,,,,
58,16434,,-0.029347706586122513,,,,
58,16439,,-0.12030450999736786,,,,
58,16444,,0.3053833842277527,,,,
58,16449,,0.32413551211357117,,,,
58,16454,,0.05372558534145355,,,,
58,16459,,0.051613934338092804,,,,
58,16464,,-0.019345395267009735,,,,
58,16469,,0.35887277126312256,,,,
58,16474,,0.1261957287788391,,,,
58,16479,,-0.0034418292343616486,,,,
58,16484,,0.13512074947357178,,,,
58,16489,,0.05374794080853462,,,,
